{
	"wcid": 11003,	"_comment": "Hollow Point Explosive Tipped Arrow(hollowpointarrowb_xp)",
	"weenieType": 5,	"_comment2": "Ammunition",
	"stringStats":[
		{"key":  16,	"value": "An arrow with an explosive chorizite charge at the tip.",	"_comment": "LongDesc"},
		{"key":   1,	"value": "Hollow Point Explosive Tipped Arrow",	"_comment": "Name"},
		{"key":  15,	"value": "An arrow.",	"_comment": "ShortDesc"}
	],
	"intStats":[
		{"key":   9,	"value":    8388608,	"_comment": "ValidLocations = Missile_Ammo_Loc"},
		{"key":   1,	"value":        256,	"_comment": "ItemType = Type_Missile_Weapon"},
		{"key":  13,	"value":          5,	"_comment": "StackUnitEncumbrance"},
		{"key":   5,	"value":          5,	"_comment": "EncumbranceVal"},
		{"key":   8,	"value":         10,	"_comment": "Mass"},
		{"key":  11,	"value":        250,	"_comment": "MaxStackSize"},
		{"key":  12,	"value":          1,	"_comment": "StackSize"},
		{"key":  14,	"value":         10,	"_comment": "StackUnitMass"},
		{"key":  15,	"value":          5,	"_comment": "StackUnitValue"},
		{"key":  16,	"value":          1,	"_comment": "ItemUseable = Useable_No"},
		{"key":  19,	"value":          5,	"_comment": "Value"},
		{"key": 150,	"value":        103,	"_comment": "HookPlacement"},
		{"key": 151,	"value":          2,	"_comment": "HookType = Wall_HookTypeEnum"},
		{"key":  93,	"value":     132116,	"_comment": "PhysicsState = Ethereal_PS, Ignore_Collisions_PS, Gravity_PS, Inelastic_PS"},
		{"key":  33,	"value":         -2,	"_comment": "Bonded = Destroy_BondedStatus"},
		{"key":  37,	"value":       9999,	"_comment": "ResistItemAppraisal"},
		{"key":  44,	"value":         37,	"_comment": "Damage"},
		{"key":  45,	"value":          1,	"_comment": "DamageType = Slash_Damage_Type"},
		{"key":  50,	"value":         12,	"_comment": "AmmoType = 12"},
		{"key":  51,	"value":          3,	"_comment": "CombatUse = Combat_Use_Ammo"}
	],
	"boolStats":[
		{"key":  17,	"value":          1,	"_comment": "Inelastic"},
		{"key":  65,	"value":          1,	"_comment": "IgnoreMagicResist"}
	],
	"floatStats":[
		{"key":  44,	"value": 0.00000000,	"_comment": "TimeToRot"},
		{"key":  62,	"value": 1.00000000,	"_comment": "WeaponOffense"},
		{"key":  22,	"value": 0.10000000,	"_comment": "DamageVariance"},
		{"key":  78,	"value": 1.00000000,	"_comment": "Friction"},
		{"key": 151,	"value": 1.00000000,	"_comment": "IgnoreShield"},
		{"key":  79,	"value": 0.00000000,	"_comment": "Elasticity"},
		{"key":  29,	"value": 1.00000000,	"_comment": "WeaponDefense"}
	],
	"didStats":[
		{"key":   1,	"value":   33554724,	"_comment": "Setup"},
		{"key":   3,	"value":  536870932,	"_comment": "SoundTable"},
		{"key":   8,	"value":  100667622,	"_comment": "Icon"},
		{"key":  22,	"value":  872415275,	"_comment": "PhysicsEffectTable"}
	]
}