{
	"wcid": 15298,	"_comment": "Wrapped Bundle of Atlatl Dartshafts(wrappedatlatldartshaft)",
	"weenieType": 5,	"_comment2": "Ammunition",
	"stringStats":[
		{"key":   1,	"value": "Wrapped Bundle of Atlatl Dartshafts",	"_comment": "Name"},
		{"key":  20,	"value": "Wrapped Bundles of Atlatl Dartshafts",	"_comment": "PluralName"}
	],
	"intStats":[
		{"key":   9,	"value":          0,	"_comment": "ValidLocations = None_Loc"},
		{"key":   1,	"value":  134217728,	"_comment": "ItemType = Type_Craft_Fletching_Intermediate"},
		{"key":  13,	"value":         10,	"_comment": "StackUnitEncumbrance"},
		{"key":   5,	"value":         10,	"_comment": "EncumbranceVal"},
		{"key":   8,	"value":          5,	"_comment": "Mass"},
		{"key":  11,	"value":        100,	"_comment": "MaxStackSize"},
		{"key":  12,	"value":          1,	"_comment": "StackSize"},
		{"key":  14,	"value":          5,	"_comment": "StackUnitMass"},
		{"key":  15,	"value":        250,	"_comment": "StackUnitValue"},
		{"key":  19,	"value":        250,	"_comment": "Value"},
		{"key":  93,	"value":       1044,	"_comment": "PhysicsState = Ethereal_PS, Ignore_Collisions_PS, Gravity_PS"},
		{"key":  33,	"value":          1,	"_comment": "Bonded = Bonded_BondedStatus"}
	],
	"boolStats":[
		{"key":  23,	"value":          1,	"_comment": "DestroyOnSell"}
	],
	"didStats":[
		{"key":   1,	"value":   33557604,	"_comment": "Setup"},
		{"key":   3,	"value":  536870932,	"_comment": "SoundTable"},
		{"key":   8,	"value":  100672611,	"_comment": "Icon"},
		{"key":  22,	"value":  872415275,	"_comment": "PhysicsEffectTable"}
	]
}