{
	"wcid": 3600,	"_comment": "Broadhead Arrow(arrowbroadhead)",
	"weenieType": 5,	"_comment2": "Ammunition",
	"stringStats":[
		{"key":   1,	"value": "Broadhead Arrow",	"_comment": "Name"}
	],
	"intStats":[
		{"key":   9,	"value":    8388608,	"_comment": "ValidLocations = Missile_Ammo_Loc"},
		{"key":   1,	"value":        256,	"_comment": "ItemType = Type_Missile_Weapon"},
		{"key":  11,	"value":        250,	"_comment": "MaxStackSize"},
		{"key":   3,	"value":         39,	"_comment": "PaletteTemplate"},
		{"key":  13,	"value":         10,	"_comment": "StackUnitEncumbrance"},
		{"key":   5,	"value":         10,	"_comment": "EncumbranceVal"},
		{"key":   8,	"value":          2,	"_comment": "Mass"},
		{"key":  12,	"value":          1,	"_comment": "StackSize"},
		{"key":  14,	"value":          2,	"_comment": "StackUnitMass"},
		{"key":  15,	"value":          2,	"_comment": "StackUnitValue"},
		{"key":  16,	"value":          1,	"_comment": "ItemUseable = Useable_No"},
		{"key":  19,	"value":          2,	"_comment": "Value"},
		{"key": 150,	"value":        103,	"_comment": "HookPlacement"},
		{"key": 151,	"value":          2,	"_comment": "HookType = Wall_HookTypeEnum"},
		{"key":  93,	"value":     132116,	"_comment": "PhysicsState = Ethereal_PS, Ignore_Collisions_PS, Gravity_PS, Inelastic_PS"},
		{"key":  44,	"value":          9,	"_comment": "Damage"},
		{"key":  45,	"value":          1,	"_comment": "DamageType = Slash_Damage_Type"},
		{"key":  50,	"value":          1,	"_comment": "AmmoType = Ammo_Arrow"},
		{"key":  51,	"value":          3,	"_comment": "CombatUse = Combat_Use_Ammo"}
	],
	"boolStats":[
		{"key":  69,	"value":          0,	"_comment": "IsSellable"},
		{"key":  17,	"value":          1,	"_comment": "Inelastic"}
	],
	"floatStats":[
		{"key":  62,	"value": 1.00000000,	"_comment": "WeaponOffense"},
		{"key":  22,	"value": 0.25000000,	"_comment": "DamageVariance"},
		{"key":  78,	"value": 1.00000000,	"_comment": "Friction"},
		{"key":  79,	"value": 0.00000000,	"_comment": "Elasticity"},
		{"key":  29,	"value": 1.00000000,	"_comment": "WeaponDefense"}
	],
	"didStats":[
		{"key":   1,	"value":   33554724,	"_comment": "Setup"},
		{"key":   3,	"value":  536870932,	"_comment": "SoundTable"},
		{"key":  22,	"value":  872415275,	"_comment": "PhysicsEffectTable"},
		{"key":   6,	"value":   67111919,	"_comment": "PaletteBase"},
		{"key":   7,	"value":  268436303,	"_comment": "ClothingBase"},
		{"key":   8,	"value":  100670187,	"_comment": "Icon"}
	]
}