{
	"wcid": 3716,	"_comment": "Jade Tooth Quarrel(jadetoothbolt)",
	"weenieType": 5,	"_comment2": "Ammunition",
	"stringStats":[
		{"key":   1,	"value": "Jade Tooth Quarrel",	"_comment": "Name"}
	],
	"intStats":[
		{"key":   9,	"value":    8388608,	"_comment": "ValidLocations = Missile_Ammo_Loc"},
		{"key":   1,	"value":        256,	"_comment": "ItemType = Type_Missile_Weapon"},
		{"key":  13,	"value":          9,	"_comment": "StackUnitEncumbrance"},
		{"key":   5,	"value":          9,	"_comment": "EncumbranceVal"},
		{"key":   8,	"value":          2,	"_comment": "Mass"},
		{"key":  11,	"value":        100,	"_comment": "MaxStackSize"},
		{"key":  12,	"value":          1,	"_comment": "StackSize"},
		{"key":  14,	"value":          2,	"_comment": "StackUnitMass"},
		{"key":  15,	"value":         12,	"_comment": "StackUnitValue"},
		{"key":  16,	"value":          1,	"_comment": "ItemUseable = Useable_No"},
		{"key":  19,	"value":         12,	"_comment": "Value"},
		{"key": 150,	"value":        103,	"_comment": "HookPlacement"},
		{"key": 151,	"value":          2,	"_comment": "HookType = Wall_HookTypeEnum"},
		{"key":  93,	"value":       1044,	"_comment": "PhysicsState = Ethereal_PS, Ignore_Collisions_PS, Gravity_PS"},
		{"key":  44,	"value":         15,	"_comment": "Damage"},
		{"key":  45,	"value":          2,	"_comment": "DamageType = Pierce_Damage_Type"},
		{"key":  50,	"value":          2,	"_comment": "AmmoType = Ammo_Bolt"},
		{"key":  51,	"value":          3,	"_comment": "CombatUse = Combat_Use_Ammo"}
	],
	"floatStats":[
		{"key":  62,	"value": 1.00000000,	"_comment": "WeaponOffense"},
		{"key":  22,	"value": 0.25000000,	"_comment": "DamageVariance"},
		{"key":  29,	"value": 1.00000000,	"_comment": "WeaponDefense"}
	],
	"didStats":[
		{"key":   1,	"value":   33554730,	"_comment": "Setup"},
		{"key":   3,	"value":  536870932,	"_comment": "SoundTable"},
		{"key":   8,	"value":  100667584,	"_comment": "Icon"},
		{"key":  22,	"value":  872415275,	"_comment": "PhysicsEffectTable"}
	]
}