{
	"wcid": 4585,	"_comment": "Bundle of Arrowshafts(arrowshaft)",
	"weenieType": 5,	"_comment2": "Ammunition",
	"stringStats":[
		{"key":   1,	"value": "Bundle of Arrowshafts",	"_comment": "Name"},
		{"key":  20,	"value": "Bundles of Arrowshafts",	"_comment": "PluralName"}
	],
	"intStats":[
		{"key":   9,	"value":          0,	"_comment": "ValidLocations = None_Loc"},
		{"key":   1,	"value":  134217728,	"_comment": "ItemType = Type_Craft_Fletching_Intermediate"},
		{"key":  13,	"value":         10,	"_comment": "StackUnitEncumbrance"},
		{"key":   5,	"value":         10,	"_comment": "EncumbranceVal"},
		{"key":   8,	"value":          5,	"_comment": "Mass"},
		{"key":  11,	"value":        100,	"_comment": "MaxStackSize"},
		{"key":  12,	"value":          1,	"_comment": "StackSize"},
		{"key":  14,	"value":          5,	"_comment": "StackUnitMass"},
		{"key":  15,	"value":          5,	"_comment": "StackUnitValue"},
		{"key":  19,	"value":          5,	"_comment": "Value"},
		{"key":  93,	"value":       1044,	"_comment": "PhysicsState = Ethereal_PS, Ignore_Collisions_PS, Gravity_PS"}
	],
	"boolStats":[
		{"key":  69,	"value":          0,	"_comment": "IsSellable"}
	],
	"didStats":[
		{"key":   1,	"value":   33555959,	"_comment": "Setup"},
		{"key":   3,	"value":  536870932,	"_comment": "SoundTable"},
		{"key":   8,	"value":  100670015,	"_comment": "Icon"},
		{"key":  22,	"value":  872415275,	"_comment": "PhysicsEffectTable"}
	]
}