{
	"wcid": 27547,	"_comment": "Bind Stone(bindstone)",
	"weenieType": 65,	"_comment2": "AllegianceBindstone",
	"stringStats":[
		{"key":   1,	"value": "Bind Stone",	"_comment": "Name"},
		{"key":  18,	"value": "You have attuned your allegiance to this Bindstone.",	"_comment": "UseMessage"},
		{"key":  14,	"value": "Allegiance monarchs can use this item to set the town recall point for their allegiances.",	"_comment": "Use"}
	],
	"intStats":[
		{"key":   1,	"value":  268435456,	"_comment": "ItemType = Type_Lifestone"},
		{"key":   3,	"value":          2,	"_comment": "PaletteTemplate"},
		{"key":  93,	"value":       1040,	"_comment": "PhysicsState = Ignore_Collisions_PS, Gravity_PS"},
		{"key": 133,	"value":          1,	"_comment": "ShowableOnRadar = ShowNever_RadarEnum"},
		{"key":  16,	"value":         32,	"_comment": "ItemUseable = Useable_Remote"}
	],
	"boolStats":[
		{"key":   1,	"value":          1,	"_comment": "Stuck"},
		{"key":  12,	"value":          0,	"_comment": "ReportCollisions"},
		{"key":  13,	"value":          0,	"_comment": "Ethereal"}
	],
	"floatStats":[
		{"key":  54,	"value": 2.00000000,	"_comment": "UseRadius"}
	],
	"didStats":[
		{"key":   1,	"value":   33558700,	"_comment": "Setup"},
		{"key":   2,	"value":  150995296,	"_comment": "MotionTable"},
		{"key":   3,	"value":  536870932,	"_comment": "SoundTable"},
		{"key":   6,	"value":   67113296,	"_comment": "PaletteBase"},
		{"key":   7,	"value":  268436821,	"_comment": "ClothingBase"},
		{"key":   8,	"value":  100671884,	"_comment": "Icon"}
	]
}