{
	"wcid": 23055,	"_comment": "Focus To Coordination Gem(attributegemfocustocoordination)",
	"weenieType": 63,	"_comment2": "AttributeTransferDevice",
	"stringStats":[
		{"key":   1,	"value": "Focus To Coordination Gem",	"_comment": "Name"},
		{"key":  14,	"value": "Use this gem to transfer up to 10 points of your Focus into your Coordination.",	"_comment": "Use"}
	],
	"intStats":[
		{"key":  33,	"value":          1,	"_comment": "Bonded = Bonded_BondedStatus"},
		{"key":   1,	"value":        128,	"_comment": "ItemType = Type_Misc"},
		{"key":  19,	"value":          0,	"_comment": "Value"},
		{"key":   3,	"value":         14,	"_comment": "PaletteTemplate"},
		{"key": 189,	"value":          5,	"_comment": "TransferFromAttribute"},
		{"key":  93,	"value":       1044,	"_comment": "PhysicsState = Ethereal_PS, Ignore_Collisions_PS, Gravity_PS"},
		{"key":   5,	"value":         10,	"_comment": "EncumbranceVal"},
		{"key":  16,	"value":          8,	"_comment": "ItemUseable = Useable_Contained"},
		{"key": 114,	"value":          1,	"_comment": "Attuned = Attuned_AttunedStatus"},
		{"key": 190,	"value":          4,	"_comment": "TransferToAttribute"}
	],
	"boolStats":[
		{"key":  69,	"value":          0,	"_comment": "IsSellable"},
		{"key":  22,	"value":          1,	"_comment": "Inscribable"},
		{"key":  23,	"value":          1,	"_comment": "DestroyOnSell"}
	],
	"didStats":[
		{"key":   1,	"value":   33558087,	"_comment": "Setup"},
		{"key":   6,	"value":   67111919,	"_comment": "PaletteBase"},
		{"key":   7,	"value":  268435723,	"_comment": "ClothingBase"},
		{"key":   8,	"value":  100673957,	"_comment": "Icon"}
	]
}