{
	"wcid": 2628,	"_comment": "Aegis(shieldadvocate1)",
	"weenieType": 40,	"_comment2": "AdvocateItem",
	"stringStats":[
		{"key":   1,	"value": "Aegis",	"_comment": "Name"}
	],
	"intStats":[
		{"key":   9,	"value":    2097152,	"_comment": "ValidLocations = Shield_Loc"},
		{"key":   1,	"value":          2,	"_comment": "ItemType = Type_Armor"},
		{"key":  27,	"value":          2,	"_comment": "ArmorType"},
		{"key":  19,	"value":        120,	"_comment": "Value"},
		{"key":   3,	"value":         83,	"_comment": "PaletteTemplate"},
		{"key":   5,	"value":          1,	"_comment": "EncumbranceVal"},
		{"key":  16,	"value":          1,	"_comment": "ItemUseable = Useable_No"},
		{"key":   8,	"value":        140,	"_comment": "Mass"},
		{"key":  28,	"value":         50,	"_comment": "ArmorLevel"},
		{"key":  93,	"value":       1044,	"_comment": "PhysicsState = Ethereal_PS, Ignore_Collisions_PS, Gravity_PS"},
		{"key":  33,	"value":          1,	"_comment": "Bonded = Bonded_BondedStatus"},
		{"key": 114,	"value":          2,	"_comment": "Attuned = Sticky_AttunedStatus"},
		{"key":  51,	"value":          4,	"_comment": "CombatUse = Combat_Use_Shield"}
	],
	"boolStats":[
		{"key":  22,	"value":          1,	"_comment": "Inscribable"}
	],
	"floatStats":[
		{"key":  15,	"value": 1.20000000,	"_comment": "ArmorModVsBludgeon"},
		{"key": 111,	"value": 1.00000000,	"_comment": "SizeMod"},
		{"key":  39,	"value": 1.00000000,	"_comment": "DefaultScale"},
		{"key":  13,	"value": 1.00000000,	"_comment": "ArmorModVsSlash"},
		{"key":  14,	"value": 0.80000000,	"_comment": "ArmorModVsPierce"},
		{"key": 110,	"value": 1.00000000,	"_comment": "BulkMod"},
		{"key":  16,	"value": 0.60000000,	"_comment": "ArmorModVsCold"},
		{"key":  17,	"value": 0.60000000,	"_comment": "ArmorModVsFire"},
		{"key":  18,	"value": 1.00000000,	"_comment": "ArmorModVsAcid"},
		{"key":  19,	"value": 0.60000000,	"_comment": "ArmorModVsElectric"}
	],
	"didStats":[
		{"key":   1,	"value":   33555654,	"_comment": "Setup"},
		{"key":   3,	"value":  536870932,	"_comment": "SoundTable"},
		{"key":  22,	"value":  872415275,	"_comment": "PhysicsEffectTable"},
		{"key":   6,	"value":   67111919,	"_comment": "PaletteBase"},
		{"key":   7,	"value":  268435732,	"_comment": "ClothingBase"},
		{"key":   8,	"value":  100669655,	"_comment": "Icon"}
	]
}