<?xml version="1.0" encoding="Windows-1252" ?>
<NotepadPlus>
   <AutoComplete language="EmoteScript">
       <Environment ignoreCase="no" startFunc="" stopFunc=":" paramSeparator="," terminal="" additionalWordChar = ""/>
       <KeyWord name="InqMyQuest" func="yes">
           <Overload retVal="String" descr="Inquires about a quest">
               <Param name="Name of Quest" />
           </Overload>
       </KeyWord>
	          <KeyWord name="QuestFailure" func="yes">
           <Overload retVal="Boolean" descr="Quest Fails">
               <Param name="NONE" />
           </Overload>
       </KeyWord>
   </AutoComplete>
</NotepadPlus>