<?xml version="1.0" encoding="Windows-1252" ?>
<NotepadPlus>
   <AutoComplete language="EmoteScript">
		<KeyWord name="Act"/>
		<KeyWord name="Activate"/>
		<KeyWord name="Activation"/>
		<KeyWord name="AddCharacterTitle"/>
		<KeyWord name="AddContract"/>
		<KeyWord name="AdminSpam"/>
		<KeyWord name="AwardLevelProportionalSkillXP"/>
		<KeyWord name="AwardLevelProportionalXP"/>
		<KeyWord name="AwardLuminance"/>
		<KeyWord name="AwardNoShareXP"/>
		<KeyWord name="AwardSkillPoints"/>
		<KeyWord name="AwardSkillXP"/>
		<KeyWord name="AwardTrainingCredits"/>
		<KeyWord name="AwardXP"/>
		<KeyWord name="BLog"/>
		<KeyWord name="CastSpell"/>
		<KeyWord name="CastSpellInstant"/>
		<KeyWord name="CloseMe"/>
		<KeyWord name="CreateTreasure"/>
		<KeyWord name="Death"/>
		<KeyWord name="DecrementIntStat"/>
		<KeyWord name="DecrementMyQuest"/>
		<KeyWord name="DecrementQuest"/>
		<KeyWord name="DeleteSelf"/>
		<KeyWord name="DirectBroadcast"/>
		<KeyWord name="Drop"/>
		<KeyWord name="EraseMyQuest"/>
		<KeyWord name="EraseQuest"/>
		<KeyWord name="EventFailure"/>
		<KeyWord name="EventSuccess"/>
		<KeyWord name="FellowBroadcast"/>
		<KeyWord name="ForceMotion"/>
		<KeyWord name="Generate"/>
		<KeyWord name="Generation"/>
		<KeyWord name="Give"/>
		<KeyWord name="Give"/>
		<KeyWord name="Goto"/>
		<KeyWord name="GotoSet"/>
		<KeyWord name="HearChat"/>
		<KeyWord name="HeartBeat"/>
		<KeyWord name="Homesick"/>
		<KeyWord name="IncrementIntStat"/>
		<KeyWord name="IncrementMyQuest"/>
		<KeyWord name="IncrementQuest"/>
		<KeyWord name="InflictVitaePenalty"/>
		<KeyWord name="InqAttributeStat"/>
		<KeyWord name="InqBoolStat"/>
		<KeyWord name="InqContractsFull"/>
		<KeyWord name="InqEvent"/>
		<KeyWord name="InqFellowNum"/>
		<KeyWord name="InqFellowQuest"/>
		<KeyWord name="InqFloatStat"/>
		<KeyWord name="InqInt64Stat"/>
		<KeyWord name="InqIntStat"/>
		<KeyWord name="InqMyQuest"/>
		<KeyWord name="InqMyQuestBitsOff"/>
		<KeyWord name="InqMyQuestBitsOn"/>
		<KeyWord name="InqMyQuestSolves"/>
		<KeyWord name="InqNumCharacterTitles"/>
		<KeyWord name="InqOwnsItems"/>
		<KeyWord name="InqPackSpace"/>
		<KeyWord name="InqQuest"/>
		<KeyWord name="InqQuestBitsOff"/>
		<KeyWord name="InqQuestBitsOn"/>
		<KeyWord name="InqQuestSolves"/>
		<KeyWord name="InqRawAttributeStat"/>
		<KeyWord name="InqRawSecondaryAttributeStat"/>
		<KeyWord name="InqRawSkillStat"/>
		<KeyWord name="InqSecondaryAttributeStat"/>
		<KeyWord name="InqSkillSpecialized"/>
		<KeyWord name="InqSkillStat"/>
		<KeyWord name="InqSkillTrained"/>
		<KeyWord name="InqStringStat"/>
		<KeyWord name="InqYesNo"/>
		<KeyWord name="Invalid"/>
		<KeyWord name="Invalid"/>
		<KeyWord name="InvalidVendor"/>
		<KeyWord name="KillSelf"/>
		<KeyWord name="KillTaunt"/>
		<KeyWord name="LocalBroadcast"/>
		<KeyWord name="LocalSignal"/>
		<KeyWord name="LockFellow"/>
		<KeyWord name="Motion"/>
		<KeyWord name="Move"/>
		<KeyWord name="MoveHome"/>
		<KeyWord name="MoveToPos"/>
		<KeyWord name="NewEnemy"/>
		<KeyWord name="NumCharacterTitlesFailure"/>
		<KeyWord name="NumCharacterTitlesSuccess"/>
		<KeyWord name="NumFellowsFailure"/>
		<KeyWord name="NumFellowsSuccess"/>
		<KeyWord name="OpenMe"/>
		<KeyWord name="PetCastSpellOnOwner"/>
		<KeyWord name="PhysScript"/>
		<KeyWord name="PickUp"/>
		<KeyWord name="PopUp"/>
		<KeyWord name="Portal"/>
		<KeyWord name="QuestFailure"/>
		<KeyWord name="QuestNoFellow"/>
		<KeyWord name="QuestSuccess"/>
		<KeyWord name="ReceiveCritical"/>
		<KeyWord name="ReceiveLocalSignal"/>
		<KeyWord name="ReceiveTalkDirect"/>
		<KeyWord name="Refuse"/>
		<KeyWord name="RemoveContract"/>
		<KeyWord name="RemoveVitaePenalty"/>
		<KeyWord name="ResetHomePosition"/>
		<KeyWord name="ResistSpell"/>
		<KeyWord name="Say"/>
		<KeyWord name="Scream"/>
		<KeyWord name="SetAltRacialSkills"/>
		<KeyWord name="SetBoolStat"/>
		<KeyWord name="SetEyePalette"/>
		<KeyWord name="SetEyeTexture"/>
		<KeyWord name="SetFloatStat"/>
		<KeyWord name="SetHeadObject"/>
		<KeyWord name="SetHeadPalette"/>
		<KeyWord name="SetInt64Stat"/>
		<KeyWord name="SetIntStat"/>
		<KeyWord name="SetMouthPalette"/>
		<KeyWord name="SetMouthTexture"/>
		<KeyWord name="SetMyQuestBitsOff"/>
		<KeyWord name="SetMyQuestBitsOn"/>
		<KeyWord name="SetMyQuestCompletions"/>
		<KeyWord name="SetNosePalette"/>
		<KeyWord name="SetNoseTexture"/>
		<KeyWord name="SetQuestBitsOff"/>
		<KeyWord name="SetQuestBitsOn"/>
		<KeyWord name="SetQuestCompletions"/>
		<KeyWord name="SetSanctuaryPosition"/>
		<KeyWord name="Sound"/>
		<KeyWord name="SpendLuminance"/>
		<KeyWord name="StampFellowQuest"/>
		<KeyWord name="StampMyQuest"/>
		<KeyWord name="StampQuest"/>
		<KeyWord name="StartBarber"/>
		<KeyWord name="StartEvent"/>
		<KeyWord name="StopEvent"/>
		<KeyWord name="TakeItems"/>
		<KeyWord name="Taunt"/>
		<KeyWord name="TeachSpell"/>
		<KeyWord name="TeleportSelf"/>
		<KeyWord name="TeleportTarget"/>
		<KeyWord name="Tell"/>
		<KeyWord name="TellFellow"/>
		<KeyWord name="TestFailure"/>
		<KeyWord name="TestNoFellow"/>
		<KeyWord name="TestNoQuality"/>
		<KeyWord name="TestSuccess"/>
		<KeyWord name="TextDirect"/>
		<KeyWord name="Turn"/>
		<KeyWord name="TurnToTarget"/>
		<KeyWord name="UnWield"/>
		<KeyWord name="UntrainSkill"/>
		<KeyWord name="UpdateFellowQuest"/>
		<KeyWord name="UpdateMyQuest"/>
		<KeyWord name="UpdateQuest"/>
		<KeyWord name="Use"/>
		<KeyWord name="Vendor"/>
		<KeyWord name="Wield"/>
		<KeyWord name="WorldBroadcast"/>
		<KeyWord name="WoundedTaunt"/>
   </AutoComplete>
</NotepadPlus>