<NotepadPlus>
    <UserLang name="EmoteScript" ext="es" udlVersion="2.1">
        <Settings>
            <Global caseIgnored="yes" allowFoldOfComments="no" foldCompact="no" forcePureLC="0" decimalSeparator="0" />
            <Prefix Keywords1="yes" Keywords2="no" Keywords3="yes" Keywords4="yes" Keywords5="no" Keywords6="no" Keywords7="no" Keywords8="no" />
        </Settings>
        <KeywordLists>
            <Keywords name="Comments">00// 00# 01 02 03 04</Keywords>
            <Keywords name="Numbers, prefix1"></Keywords>
            <Keywords name="Numbers, prefix2"></Keywords>
            <Keywords name="Numbers, extras1"></Keywords>
            <Keywords name="Numbers, extras2"></Keywords>
            <Keywords name="Numbers, suffix1"></Keywords>
            <Keywords name="Numbers, suffix2"></Keywords>
            <Keywords name="Numbers, range"></Keywords>
            <Keywords name="Operators1"></Keywords>
            <Keywords name="Operators2"></Keywords>
            <Keywords name="Folders in code1, open"></Keywords>
            <Keywords name="Folders in code1, middle"></Keywords>
            <Keywords name="Folders in code1, close"></Keywords>
            <Keywords name="Folders in code2, open"></Keywords>
            <Keywords name="Folders in code2, middle"></Keywords>
            <Keywords name="Folders in code2, close"></Keywords>
            <Keywords name="Folders in comment, open">// Begin</Keywords>
            <Keywords name="Folders in comment, middle"></Keywords>
            <Keywords name="Folders in comment, close">// End</Keywords>
            <Keywords name="Keywords1">Activation: Death: Drop: EventFailure: EventSuccess: Generation: HearChat: HeartBeat: Homesick: KillTaunt: NewEnemy: NumCharacterTitlesFailure: NumCharacterTitlesSuccess: NumFellowsFailure: NumFellowsSuccess: PickUp: Portal: QuestNoFellow: ReceiveCritical: ReceiveLocalSignal: ReceiveTalkDirect: Refuse: ResistSpell: Scream: Taunt: TestNoFellow: TestNoQuality: UnWield: Use: Vendor: Wield: WoundedTaunt:</Keywords>
            <Keywords name="Keywords2">Act: Activate: AddCharacterTitle: AddContract: AdminSpam: AwardLevelProportionalXP: AwardLevelProportionalSkillXP: AwardLuminance: AwardNoShareXP: AwardSkillXP: AwardSkillPoints: AwardTrainingCredits: AwardXP: CastSpell: CastSpellInstant: CloseMe: CreateTreasure: DecrementIntStat: DecrementMyQuest: DecrementQuest: DeleteSelf: DirectBroadcast: EraseMyQuest: EraseQuest: FellowBroadcast: ForceMotion: Generate: Give: IncrementIntStat: IncrementMyQuest: IncrementQuest: InflictVitaePenalty: KillSelf: LocalBroadcast: LocalSignal: LockFellow: Motion: Move: MoveHome: MoveToPos: OpenMe: PetCastSpellOnOwner: PhysScript: PopUp: RemoveContract: RemoveVitaePenalty: Say: SetBoolStat: SetFloatStat: SetIntStat: SetInt64Stat: SetMyQuestCompletions: SetQuestCompletions: SetSanctuaryPosition: Sound: SpendLuminance: StampFellowQuest: StampMyQuest: StampQuest: StartBarber: StartEvent: StopEvent: TakeItems: TeachSpell: TeleportTarget: Tell: TellFellow: TextDirect: Turn: TurnToTarget: UntrainSkill: WorldBroadcast: TurnToTarget -</Keywords>
            <Keywords name="Keywords3">Goto</Keywords>
            <Keywords name="Keywords4">Inq</Keywords>
            <Keywords name="Keywords5">Update</Keywords>
            <Keywords name="Keywords6">Delay:</Keywords>
            <Keywords name="Keywords7">TestSuccess: QuestSuccess:</Keywords>
            <Keywords name="Keywords8">TestFailure: QuestFailure:</Keywords>
            <Keywords name="Delimiters">00 01 02 03 04 05 06 07 08 09 10 11 12 13 14 15 16 17 18 19 20 21 22 23</Keywords>
        </KeywordLists>
        <Styles>
            <WordsStyle name="DEFAULT" fgColor="FFFFFF" bgColor="FFFFFF" colorStyle="0" fontName="" fontStyle="0" nesting="0" />
            <WordsStyle name="COMMENTS" fgColor="000000" bgColor="FFFFFF" fontName="" fontStyle="0" nesting="0" />
            <WordsStyle name="LINE COMMENTS" fgColor="009D00" bgColor="FFFFFF" colorStyle="1" fontName="" fontStyle="2" nesting="0" />
            <WordsStyle name="NUMBERS" fgColor="FFFFFF" bgColor="FFFFFF" colorStyle="0" fontName="" fontStyle="0" nesting="0" />
            <WordsStyle name="KEYWORDS1" fgColor="FB7D00" bgColor="FFFFFF" colorStyle="1" fontName="" fontStyle="1" nesting="0" />
            <WordsStyle name="KEYWORDS2" fgColor="FF00FF" bgColor="FFFFFF" colorStyle="1" fontName="" fontStyle="0" nesting="0" />
            <WordsStyle name="KEYWORDS3" fgColor="0082BF" bgColor="FFFFFF" colorStyle="1" fontName="" fontStyle="1" nesting="0" />
            <WordsStyle name="KEYWORDS4" fgColor="00AEAE" bgColor="FFFFFF" colorStyle="1" fontName="" fontStyle="1" nesting="0" />
            <WordsStyle name="KEYWORDS5" fgColor="FF8080" bgColor="FFFFFF" colorStyle="1" fontName="" fontStyle="0" nesting="0" />
            <WordsStyle name="KEYWORDS6" fgColor="475FFE" bgColor="FFFFFF" colorStyle="1" fontName="" fontStyle="0" nesting="0" />
            <WordsStyle name="KEYWORDS7" fgColor="5CD30E" bgColor="FFFFFF" colorStyle="1" fontName="oads" fontStyle="1" nesting="0" />
            <WordsStyle name="KEYWORDS8" fgColor="FB2D4B" bgColor="FFFFFF" colorStyle="1" fontName="" fontStyle="1" nesting="0" />
            <WordsStyle name="OPERATORS" fgColor="FF8000" bgColor="FFFFFF" colorStyle="1" fontName="" fontStyle="0" nesting="0" />
            <WordsStyle name="FOLDER IN CODE1" fgColor="000000" bgColor="FFFFFF" fontName="" fontStyle="0" nesting="0" />
            <WordsStyle name="FOLDER IN CODE2" fgColor="000000" bgColor="FFFFFF" fontName="" fontStyle="0" nesting="0" />
            <WordsStyle name="FOLDER IN COMMENT" fgColor="8080C0" bgColor="FFFFFF" colorStyle="1" fontName="" fontStyle="3" nesting="0" />
            <WordsStyle name="DELIMITERS1" fgColor="FF8000" bgColor="FFFFFF" fontName="" fontStyle="0" nesting="0" />
            <WordsStyle name="DELIMITERS2" fgColor="000000" bgColor="FFFFFF" fontName="" fontStyle="0" nesting="0" />
            <WordsStyle name="DELIMITERS3" fgColor="000000" bgColor="FFFFFF" fontName="" fontStyle="0" nesting="0" />
            <WordsStyle name="DELIMITERS4" fgColor="000000" bgColor="FFFFFF" fontName="" fontStyle="0" nesting="0" />
            <WordsStyle name="DELIMITERS5" fgColor="000000" bgColor="FFFFFF" fontName="" fontStyle="0" nesting="0" />
            <WordsStyle name="DELIMITERS6" fgColor="000000" bgColor="FFFFFF" fontName="" fontStyle="0" nesting="0" />
            <WordsStyle name="DELIMITERS7" fgColor="000000" bgColor="FFFFFF" fontName="" fontStyle="0" nesting="0" />
            <WordsStyle name="DELIMITERS8" fgColor="000000" bgColor="FFFFFF" fontName="" fontStyle="0" nesting="0" />
        </Styles>
    </UserLang>
</NotepadPlus>
