{
	"wcid": 10727,	"_comment": "Translated Inculcation Cells Note(notevirindiinculcatortranslated)",
	"weenieType": 8,	"_comment2": "Book",
	"stringStats":[
		{"key":  16,	"value": "A translation written by Diyas al-Yat, of a message shard taken from a Virindi Director in the Inculcation Cells dungeon.",	"_comment": "LongDesc"},
		{"key":   1,	"value": "Translated Inculcation Cells Note",	"_comment": "Name"},
		{"key":  14,	"value": "Use this item to read it.",	"_comment": "Use"},
		{"key":  15,	"value": "A translation written by Diyas al-Yat.",	"_comment": "ShortDesc"}
	],
	"intStats":[
		{"key":   9,	"value":          0,	"_comment": "ValidLocations = None_Loc"},
		{"key":   1,	"value":       8192,	"_comment": "ItemType = Type_Writable"},
		{"key":  93,	"value":       1044,	"_comment": "PhysicsState = Ethereal_PS, Ignore_Collisions_PS, Gravity_PS"},
		{"key":   5,	"value":          5,	"_comment": "EncumbranceVal"},
		{"key":  16,	"value":          8,	"_comment": "ItemUseable = Useable_Contained"},
		{"key":   8,	"value":          5,	"_comment": "Mass"},
		{"key":  19,	"value":         10,	"_comment": "Value"}
	],
	"boolStats":[
		{"key":  22,	"value":          0,	"_comment": "Inscribable"}
	],
	"floatStats":[
		{"key":  39,	"value": 1.22000000,	"_comment": "DefaultScale"}
	],
	"didStats":[
		{"key":   1,	"value":   33554773,	"_comment": "Setup"},
		{"key":   3,	"value":  536870932,	"_comment": "SoundTable"},
		{"key":   8,	"value":  100668176,	"_comment": "Icon"},
		{"key":  22,	"value":  872415275,	"_comment": "PhysicsEffectTable"}
	],
	"pageDataList": {
		"maxNumPages":           3,
		"maxNumCharsPerPage": 1000,
		"pages": [
			{
				"authorID":        4294967295,
				"authorName": "Unknown",
				"authorAccount": "prewritten",
				"ignoreAuthor":             0,
				"pageText": "My colleague,\nOur original plan, I know, was to wait for your first shipment of additional subjects before I sent back word on my experimentation with the humans.  However, the sensations of delight and excitement I experience compel me to share news with you.\n"
			},
			{
				"authorID":        4294967295,
				"authorName": "Unknown",
				"authorAccount": "prewritten",
				"ignoreAuthor":             0,
				"pageText": "Despite our early setbacks, I find the new line of research and experimentation to be endlessly intriguing.  What mutable minds the humans possess!  I must express sentiments of gratitude, my colleague, for your cooperation and assistance in our research.  It inspires regret within me that our colleague Adirred was exiled back to the primary Quiddity before he saw the fruits of our labor.\n"
			},
			{
				"authorID":        4294967295,
				"authorName": "Unknown",
				"authorAccount": "prewritten",
				"ignoreAuthor":             0,
				"pageText": "I anticipate, however, that as I continue my research with these most excellent human subjects, I shall soon have the information we need to break the last vestiges of our dependence on the outmoded Singularity.  Once we have taken all the lessons we can from the maddeningly chaotic humans, we will have the techniques and knowledge necessary to mount our own resistance against the Quiddity's inquisitors!\n"
			}
		]
	}
}