{
	"wcid": 10730,	"_comment": "Translated Staging Complex Note(notevirindistaginggroundtranslated)",
	"weenieType": 8,	"_comment2": "Book",
	"stringStats":[
		{"key":  16,	"value": "A translation written by Diyas al-Yat, of a message shard taken from a Virindi Director in the Staging Complex dungeon.",	"_comment": "LongDesc"},
		{"key":   1,	"value": "Translated Staging Complex Note",	"_comment": "Name"},
		{"key":  14,	"value": "Use this item to read it.",	"_comment": "Use"},
		{"key":  15,	"value": "A translation written by Diyas al-Yat.",	"_comment": "ShortDesc"}
	],
	"intStats":[
		{"key":   9,	"value":          0,	"_comment": "ValidLocations = None_Loc"},
		{"key":   1,	"value":       8192,	"_comment": "ItemType = Type_Writable"},
		{"key":  93,	"value":       1044,	"_comment": "PhysicsState = Ethereal_PS, Ignore_Collisions_PS, Gravity_PS"},
		{"key":   5,	"value":          5,	"_comment": "EncumbranceVal"},
		{"key":  16,	"value":          8,	"_comment": "ItemUseable = Useable_Contained"},
		{"key":   8,	"value":          5,	"_comment": "Mass"},
		{"key":  19,	"value":         10,	"_comment": "Value"}
	],
	"boolStats":[
		{"key":  22,	"value":          0,	"_comment": "Inscribable"}
	],
	"floatStats":[
		{"key":  39,	"value": 1.22000000,	"_comment": "DefaultScale"}
	],
	"didStats":[
		{"key":   1,	"value":   33554773,	"_comment": "Setup"},
		{"key":   3,	"value":  536870932,	"_comment": "SoundTable"},
		{"key":   8,	"value":  100668176,	"_comment": "Icon"},
		{"key":  22,	"value":  872415275,	"_comment": "PhysicsEffectTable"}
	],
	"pageDataList": {
		"maxNumPages":           2,
		"maxNumCharsPerPage": 1000,
		"pages": [
			{
				"authorID":        4294967295,
				"authorName": "Unknown",
				"authorAccount": "prewritten",
				"ignoreAuthor":             0,
				"pageText": "Lacandrillar,\nI await your word on the suitability of the human subjects.  They were easily acquired in Adirred's raid on the human desert town.  We managed to capture most of the humans, but their leader and a craftsman of their pitiable \"bow\" devices escaped.  En route to your facility, we discarded three humans who did not exhibit sufficient signs of individuality.  Additionally, a human sage who seemed to be resistant to most of our pacification techniques and Adirred's conditioning has escaped, and we were unable to locate the troublesome meat puppet.\n"
			},
			{
				"authorID":        4294967295,
				"authorName": "Unknown",
				"authorAccount": "prewritten",
				"ignoreAuthor":             0,
				"pageText": "Still, I express hope that the eight specimens we delivered to you prove to be useful.  I expect this note to arrive at your facility in the magic-blasted plains with the first group of human captives collected by our Black Claw agents in the mountain regions.  Again I experience regret for the sacrifices that we have had to make in our attempt to establish the incipient Singularity in this realm, which necessitates the use of our clumsy and inefficient message delivery service.  Experiencing anticipation, I await word on your progress with the great experiment.\n"
			}
		]
	}
}