{
	"wcid": 10759,	"_comment": "Muddy Towel(towelmuddy)",
	"weenieType": 8,	"_comment2": "Book",
	"stringStats":[
		{"key":  16,	"value": "An old and well-used towel, spattered heavily with thick mud.",	"_comment": "LongDesc"},
		{"key":   1,	"value": "Muddy Towel",	"_comment": "Name"},
		{"key":  15,	"value": "An old and well-used towel, spattered heavily with thick mud.",	"_comment": "ShortDesc"}
	],
	"intStats":[
		{"key":   9,	"value":          0,	"_comment": "ValidLocations = None_Loc"},
		{"key":   1,	"value":       8192,	"_comment": "ItemType = Type_Writable"},
		{"key":  19,	"value":         10,	"_comment": "Value"},
		{"key":   3,	"value":          8,	"_comment": "PaletteTemplate"},
		{"key":  93,	"value":       1044,	"_comment": "PhysicsState = Ethereal_PS, Ignore_Collisions_PS, Gravity_PS"},
		{"key":   5,	"value":         50,	"_comment": "EncumbranceVal"},
		{"key":  16,	"value":          8,	"_comment": "ItemUseable = Useable_Contained"},
		{"key":   8,	"value":          5,	"_comment": "Mass"}
	],
	"boolStats":[
		{"key":  22,	"value":          0,	"_comment": "Inscribable"}
	],
	"floatStats":[
		{"key":  12,	"value": 0.50000000,	"_comment": "Shade"},
		{"key":  54,	"value": 1.00000000,	"_comment": "UseRadius"}
	],
	"didStats":[
		{"key":   1,	"value":   33554647,	"_comment": "Setup"},
		{"key":   3,	"value":  536870932,	"_comment": "SoundTable"},
		{"key":  22,	"value":  872415275,	"_comment": "PhysicsEffectTable"},
		{"key":   6,	"value":   67108990,	"_comment": "PaletteBase"},
		{"key":   7,	"value":  268436188,	"_comment": "ClothingBase"},
		{"key":   8,	"value":  100671664,	"_comment": "Icon"}
	],
	"pageDataList": {
		"maxNumPages":           2,
		"maxNumCharsPerPage": 1000,
		"pages": [
			{
				"authorID":        4294967295,
				"authorName": "A.D.",
				"authorAccount": "prewritten",
				"ignoreAuthor":             0,
				"pageText": "Greetings, traveler! If you've found this towel, no doubt something unfortunate has happened to me, because we all know that only the most dire circumstances could part a traveler from his trusty towel. It wouldn't be the first time, certainly, that something unacceptably rude has happened to me since I started traveling with F.P. \n"
			},
			{
				"authorID":        4294967295,
				"authorName": "A.D.",
				"authorAccount": "prewritten",
				"ignoreAuthor":             0,
				"pageText": "In any case, please return this towel to an Explorer's Society agent. They can be located in Shoushi, Yanshi, Nanto, Yaraq, al-Arqas, Samsur, Lytelthorpe, Rithwic, and Holtburg. I'm sure those fine chaps will come up with a nice and useful keepsake for you.\n        In gratitude,\n        A.D.\n"
			}
		]
	}
}