{
	"wcid": 10761,	"_comment": "Guidebook Brochure(noteguidebookbrochure)",
	"weenieType": 8,	"_comment2": "Book",
	"stringStats":[
		{"key":  16,	"value": "An brochure for a guidebook, written on a square of plush white cloth.",	"_comment": "LongDesc"},
		{"key":   1,	"value": "Guidebook Brochure",	"_comment": "Name"},
		{"key":  15,	"value": "A brochure for a guidebook, written on a square of plush white cloth.",	"_comment": "ShortDesc"}
	],
	"intStats":[
		{"key":   9,	"value":          0,	"_comment": "ValidLocations = None_Loc"},
		{"key":   1,	"value":       8192,	"_comment": "ItemType = Type_Writable"},
		{"key":  93,	"value":       1044,	"_comment": "PhysicsState = Ethereal_PS, Ignore_Collisions_PS, Gravity_PS"},
		{"key":   5,	"value":         10,	"_comment": "EncumbranceVal"},
		{"key":  16,	"value":          8,	"_comment": "ItemUseable = Useable_Contained"},
		{"key":   8,	"value":          5,	"_comment": "Mass"},
		{"key":  19,	"value":         10,	"_comment": "Value"}
	],
	"boolStats":[
		{"key":  22,	"value":          0,	"_comment": "Inscribable"}
	],
	"floatStats":[
		{"key":  54,	"value": 1.00000000,	"_comment": "UseRadius"}
	],
	"didStats":[
		{"key":   1,	"value":   33554773,	"_comment": "Setup"},
		{"key":   3,	"value":  536870932,	"_comment": "SoundTable"},
		{"key":   8,	"value":  100668176,	"_comment": "Icon"},
		{"key":  22,	"value":  872415275,	"_comment": "PhysicsEffectTable"}
	],
	"pageDataList": {
		"maxNumPages":           2,
		"maxNumCharsPerPage": 1000,
		"pages": [
			{
				"authorID":        4294967295,
				"authorName": "F.P.",
				"authorAccount": "prewritten",
				"ignoreAuthor":             0,
				"pageText": "        Coming soon to an Explorer agent near you: An extensively-researched guidebook all about the wonders of this strange island, Dereth!  Hang on to this brochure, folks, and turn it in when our intrepid explorer in the field has published his impressions, recommendations, and words for the wise!\n        In the meantime, just remember:  Don't panic.  As far as I can tell, Dereth is mostly harmless.\n"
			},
			{
				"authorID":        4294967295,
				"authorName": "F.P.",
				"authorAccount": "prewritten",
				"ignoreAuthor":             0,
				"pageText": "        This brochure good for one (1) copy of \"A Portal-Jumper's Guide to Dereth,\" by field agent F.P., soon to be published by the Explorer's Society.  Publication date not yet known.\n"
			}
		]
	}
}