{
	"wcid": 10760,	"_comment": "Wet Towel(towelwet)",
	"weenieType": 8,	"_comment2": "Book",
	"stringStats":[
		{"key":  16,	"value": "An old and well-used towel, water-logged and stained with travel adventures.",	"_comment": "LongDesc"},
		{"key":   1,	"value": "Wet Towel",	"_comment": "Name"},
		{"key":  15,	"value": "An old and well-used towel, water-logged and stained with travel adventures.",	"_comment": "ShortDesc"}
	],
	"intStats":[
		{"key":   9,	"value":          0,	"_comment": "ValidLocations = None_Loc"},
		{"key":   1,	"value":       8192,	"_comment": "ItemType = Type_Writable"},
		{"key":  19,	"value":         10,	"_comment": "Value"},
		{"key":   3,	"value":          2,	"_comment": "PaletteTemplate"},
		{"key":  93,	"value":       1044,	"_comment": "PhysicsState = Ethereal_PS, Ignore_Collisions_PS, Gravity_PS"},
		{"key":   5,	"value":         50,	"_comment": "EncumbranceVal"},
		{"key":  16,	"value":          8,	"_comment": "ItemUseable = Useable_Contained"},
		{"key":   8,	"value":          5,	"_comment": "Mass"}
	],
	"boolStats":[
		{"key":  22,	"value":          0,	"_comment": "Inscribable"}
	],
	"floatStats":[
		{"key":  12,	"value": 0.50000000,	"_comment": "Shade"},
		{"key":  54,	"value": 1.00000000,	"_comment": "UseRadius"}
	],
	"didStats":[
		{"key":   1,	"value":   33554647,	"_comment": "Setup"},
		{"key":   3,	"value":  536870932,	"_comment": "SoundTable"},
		{"key":  22,	"value":  872415275,	"_comment": "PhysicsEffectTable"},
		{"key":   6,	"value":   67108990,	"_comment": "PaletteBase"},
		{"key":   7,	"value":  268436188,	"_comment": "ClothingBase"},
		{"key":   8,	"value":  100671663,	"_comment": "Icon"}
	],
	"pageDataList": {
		"maxNumPages":           2,
		"maxNumCharsPerPage": 1000,
		"pages": [
			{
				"authorID":        4294967295,
				"authorName": "F.P.",
				"authorAccount": "prewritten",
				"ignoreAuthor":             0,
				"pageText": "Hello, friend! If you've found this towel then rough circumstances have caused me to part ways with my indispensable traveling aid. Most likely I dropped this charging to the rescue of my disaster-prone fellow traveler, A.D. My friend, you see, has a pronounced predilection to get himself in all sorts of trouble. The other day, for instance, we were taking a pleasant walk down the beach when he angered a mud puddle, which rose up and attacked him viciously. In my attempt to come to his defense, I was assaulted and engulfed by what looked like an angry, two-legged wave. That experience was most unpleasantly like being drunk.\n"
			},
			{
				"authorID":        4294967295,
				"authorName": "F.P.",
				"authorAccount": "prewritten",
				"ignoreAuthor":             0,
				"pageText": "I may have to reconsider my assessment of this strange little island when I've compiled my travel guide. Please do me a favor, friend, and return this towel to one of the Explorer's Society agents in Holtburg, Rithwic, Lytelthorpe, Yaraq, Samsur, al-Arqas, Shoushi, Nanto, or Yanshi.\n        Yours,\n        F.P.\n"
			}
		]
	}
}