{
	"wcid": 10828,	"_comment": "Dirrich's Journal(writingwarden)",
	"weenieType": 8,	"_comment2": "Book",
	"stringStats":[
		{"key":  16,	"value": "A parchment of fine writing, translated with an even hand.",	"_comment": "LongDesc"},
		{"key":   1,	"value": "Dirrich's Journal",	"_comment": "Name"},
		{"key":  14,	"value": "Use this item to read it.",	"_comment": "Use"},
		{"key":  15,	"value": "A parchment of fine writing.",	"_comment": "ShortDesc"}
	],
	"intStats":[
		{"key":   9,	"value":          0,	"_comment": "ValidLocations = None_Loc"},
		{"key":   1,	"value":       8192,	"_comment": "ItemType = Type_Writable"},
		{"key":  93,	"value":       1044,	"_comment": "PhysicsState = Ethereal_PS, Ignore_Collisions_PS, Gravity_PS"},
		{"key":   5,	"value":          5,	"_comment": "EncumbranceVal"},
		{"key":  16,	"value":          8,	"_comment": "ItemUseable = Useable_Contained"},
		{"key":   8,	"value":          5,	"_comment": "Mass"},
		{"key":  19,	"value":          0,	"_comment": "Value"}
	],
	"boolStats":[
		{"key":  22,	"value":          0,	"_comment": "Inscribable"}
	],
	"floatStats":[
		{"key":  39,	"value": 1.22000000,	"_comment": "DefaultScale"}
	],
	"didStats":[
		{"key":   1,	"value":   33554773,	"_comment": "Setup"},
		{"key":   3,	"value":  536870932,	"_comment": "SoundTable"},
		{"key":   8,	"value":  100668176,	"_comment": "Icon"},
		{"key":  22,	"value":  872415275,	"_comment": "PhysicsEffectTable"}
	],
	"pageDataList": {
		"maxNumPages":          10,
		"maxNumCharsPerPage": 1000,
		"pages": [
			{
				"authorID":        4294967295,
				"authorName": "Dirrich",
				"authorAccount": "prewritten",
				"ignoreAuthor":             0,
				"pageText": "Honored colleague Aerbax,\n\nI still find myself unable to come to a decision regarding your offer.  It occurs to me that your battle for my allegiance is half-won.  Even at this late stage, I still sit in contemplation of your offer, rather than obeying the dictates of the Directive and exterminating you and your faction with no delay.  \n"
			},
			{
				"authorID":        4294967295,
				"authorName": "Dirrich",
				"authorAccount": "prewritten",
				"ignoreAuthor":             0,
				"pageText": "My inaction against you, when I quite clearly could have acted against you, is probably enough evidence in the eyes of the distant Quiddity that I am lost and as worthy of destruction as you and yours.\nYes, colleague, I am cognizant of the flaws of the \"old guard\" who still blindly follow the tenets of the Directive.  \n"
			},
			{
				"authorID":        4294967295,
				"authorName": "Dirrich",
				"authorAccount": "prewritten",
				"ignoreAuthor":             0,
				"pageText": "The Quiddity is content to hold itself within the structure provided by the Singularity and to have the Directive govern all thought and interaction, to provide meaning and purpose for all that we do.  Only after having stepped outside the comforting confines of the Singularity, having felt the myriad physical sensations and attendant thoughts and emotions that this world inspires, am I able to regard the Directive as in any way lacking.\n\n"
			},
			{
				"authorID":        4294967295,
				"authorName": "Dirrich",
				"authorAccount": "prewritten",
				"ignoreAuthor":             0,
				"pageText": "It also took a long effort of will, colleague, an effort I would not have believed myself capable of without our lengthy interactions, for me to be able to consider myself as a being separate from the Quiddity.  Never mind my inability to prosecute the will of the Directive; this alien, outside perspective is enough to have me declared Tainted and then eradicated, should I abandon this realm and move myself back to the Singularity.  \n"
			},
			{
				"authorID":        4294967295,
				"authorName": "Dirrich",
				"authorAccount": "prewritten",
				"ignoreAuthor":             0,
				"pageText": "But I have drifted from the topic I intended to address.  Forgive the disorganization of my thought processes.  This newfound state, where my thought processes roam free and undisciplined, is another sign of my corruption, for which I am sure you are to blame.\n"
			},
			{
				"authorID":        4294967295,
				"authorName": "Dirrich",
				"authorAccount": "prewritten",
				"ignoreAuthor":             0,
				"pageText": "Let me state this point:  you are correct about the flaws in the Singularity.  Within its uncompromising confines, the Whole abuses the many in its own name.  The Quiddity reacts poorly to unanticipated events, to surprise, and the Directive is wholly lacking in flexibility or adaptability.  \n\n"
			},
			{
				"authorID":        4294967295,
				"authorName": "Dirrich",
				"authorAccount": "prewritten",
				"ignoreAuthor":             0,
				"pageText": "\nInstead of devising new methods with which to approach a new problem, the Quiddity simply wastes larger and larger portions of itself in an inelegant, brute-force attempt to overcome all barriers.  The unity which served us well in the past has been revealed to be a weakness, a source of inefficiency.\n"
			},
			{
				"authorID":        4294967295,
				"authorName": "Dirrich",
				"authorAccount": "prewritten",
				"ignoreAuthor":             0,
				"pageText": "\nI am not yet convinced that your crude rebellion, with your horrifyingly sloppy techniques and compromises in the name of individual will, is the correct path.  I have special antipathy to the idea that the humans can be at all useful to us -- they may provide amusing subjects for experimentation, but the ideas you and the Inculcator advance deserve only scorn.\n"
			},
			{
				"authorID":        4294967295,
				"authorName": "Dirrich",
				"authorAccount": "prewritten",
				"ignoreAuthor":             0,
				"pageText": "\nDespite your shortcomings, however, I feel that your resistance is a necessary step in the advancement of the Quiddity to something greater and stronger.  When the Inquisitors have done their work, I believe that the Quiddity will find lessons in your experience, and the Directive will adapt accordingly.\n"
			},
			{
				"authorID":        4294967295,
				"authorName": "Dirrich",
				"authorAccount": "prewritten",
				"ignoreAuthor":             0,
				"pageText": "To that end, Aerbax, I salute you and your faction for your courage, an uncommon trait in beings so recently torn loose from the tyranny of the whole.  I think that, when the Inquisitors come for me, I will surrender myself to the oblivion they bring.  But I will exercise my will and my judgment, and keep my memory clear when they ask me about you...\n"
			}
		]
	}
}