{
	"wcid": 10827,	"_comment": "Edicts of the Quiddity(writinginquisitor)",
	"weenieType": 8,	"_comment2": "Book",
	"stringStats":[
		{"key":  16,	"value": "A parchment of fine writing, translated with an even hand.",	"_comment": "LongDesc"},
		{"key":   1,	"value": "Edicts of the Quiddity",	"_comment": "Name"},
		{"key":  14,	"value": "Use this item to read it.",	"_comment": "Use"},
		{"key":  15,	"value": "A parchment of fine writing.",	"_comment": "ShortDesc"}
	],
	"intStats":[
		{"key":   9,	"value":          0,	"_comment": "ValidLocations = None_Loc"},
		{"key":   1,	"value":       8192,	"_comment": "ItemType = Type_Writable"},
		{"key":  93,	"value":       1044,	"_comment": "PhysicsState = Ethereal_PS, Ignore_Collisions_PS, Gravity_PS"},
		{"key":   5,	"value":          5,	"_comment": "EncumbranceVal"},
		{"key":  16,	"value":          8,	"_comment": "ItemUseable = Useable_Contained"},
		{"key":   8,	"value":          5,	"_comment": "Mass"},
		{"key":  19,	"value":          0,	"_comment": "Value"}
	],
	"boolStats":[
		{"key":  22,	"value":          0,	"_comment": "Inscribable"}
	],
	"floatStats":[
		{"key":  39,	"value": 1.22000000,	"_comment": "DefaultScale"}
	],
	"didStats":[
		{"key":   1,	"value":   33554773,	"_comment": "Setup"},
		{"key":   3,	"value":  536870932,	"_comment": "SoundTable"},
		{"key":   8,	"value":  100668176,	"_comment": "Icon"},
		{"key":  22,	"value":  872415275,	"_comment": "PhysicsEffectTable"}
	],
	"pageDataList": {
		"maxNumPages":           7,
		"maxNumCharsPerPage": 1000,
		"pages": [
			{
				"authorID":        4294967295,
				"authorName": "Unknown",
				"authorAccount": "prewritten",
				"ignoreAuthor":             0,
				"pageText": "This message shard bears instructions from the Directive.  Deviation from our will shall result in swift extermination.  The Inquisitors are empowered to enforce the Directive.\n\n"
			},
			{
				"authorID":        4294967295,
				"authorName": "Unknown",
				"authorAccount": "prewritten",
				"ignoreAuthor":             0,
				"pageText": "We recognize that prolonged exposure to this realm, outside of the Singularity, away from the Quiddity, has severed your connection and your ability to follow the Directive.  We shall accept this and grant leniency, because we value our dispersed agents, unreliable as they may be, who have established themselves in the other realm.  We therefore issue this edict in the form that our vessels in the realm are most readily able to understand.\n\n"
			},
			{
				"authorID":        4294967295,
				"authorName": "Unknown",
				"authorAccount": "prewritten",
				"ignoreAuthor":             0,
				"pageText": "Here are the dictates of the Quiddity, the Directive that all agents in the other realm must follow.\n\nHumans have been recognized as a threat to the unity of the Quiddity.  They are too chaotic and too strong-willed to be allowed to exist.  They are unfit for association or fraternization.  They are to be exterminated on sight.\n\n"
			},
			{
				"authorID":        4294967295,
				"authorName": "Unknown",
				"authorAccount": "prewritten",
				"ignoreAuthor":             0,
				"pageText": "Those who spend time in the company of humans, even for research purposes, will be destroyed.  The only exceptions to this rule are the agents known as \"Claude\" and \"Leopold.\"\n\nAll experimentation upon humans is to cease immediately.  That way lies only taint and dangerous possibilities.\n\n"
			},
			{
				"authorID":        4294967295,
				"authorName": "Unknown",
				"authorAccount": "prewritten",
				"ignoreAuthor":             0,
				"pageText": "Those who are deemed irretrievably corrupted by human thought-chaos will be destroyed, never again to be assimilated into the Quiddity.\n\nContinue to maintain contact with the purple desert-walkers, whom we have deemed chaotic, but not a threat to our unity.  There are those among you who have been empowered to negotiate with them on our behalf.\n"
			},
			{
				"authorID":        4294967295,
				"authorName": "Unknown",
				"authorAccount": "prewritten",
				"ignoreAuthor":             0,
				"pageText": "Continue to experiment up on the lesser races of the realm, including the squealing bipeds and the great red apes.  Continue to find new servitors to carry out our will.\n\n"
			},
			{
				"authorID":        4294967295,
				"authorName": "Unknown",
				"authorAccount": "prewritten",
				"ignoreAuthor":             0,
				"pageText": "All work on the \"New Singularity\" will cease immediately.  This brand of deviation, above all, will not be tolerated.  There is only one Singularity and there will only ever be one Singularity, one seat of the Quiddity, one source of the Directive.\n\nFirst among equals\n"
			}
		]
	}
}