{
	"wcid": 10921,	"_comment": "Tekapuapuh's Note(boygrubnote_xp)",
	"weenieType": 8,	"_comment2": "Book",
	"stringStats":[
		{"key":  16,	"value": "A note from Tekapuapuh, the odd, masked Tumerok in the hut near Ahurenga.",	"_comment": "LongDesc"},
		{"key":   1,	"value": "Tekapuapuh's Note",	"_comment": "Name"}
	],
	"intStats":[
		{"key":   9,	"value":          0,	"_comment": "ValidLocations = None_Loc"},
		{"key":   1,	"value":       8192,	"_comment": "ItemType = Type_Writable"},
		{"key":  93,	"value":       1044,	"_comment": "PhysicsState = Ethereal_PS, Ignore_Collisions_PS, Gravity_PS"},
		{"key":   5,	"value":          5,	"_comment": "EncumbranceVal"},
		{"key":  16,	"value":          8,	"_comment": "ItemUseable = Useable_Contained"},
		{"key":   8,	"value":          5,	"_comment": "Mass"},
		{"key":  19,	"value":          0,	"_comment": "Value"}
	],
	"boolStats":[
		{"key":  22,	"value":          0,	"_comment": "Inscribable"},
		{"key":  23,	"value":          1,	"_comment": "DestroyOnSell"}
	],
	"floatStats":[
		{"key":  39,	"value": 1.33000000,	"_comment": "DefaultScale"},
		{"key":  54,	"value": 1.00000000,	"_comment": "UseRadius"}
	],
	"didStats":[
		{"key":   1,	"value":   33554772,	"_comment": "Setup"},
		{"key":   3,	"value":  536870932,	"_comment": "SoundTable"},
		{"key":   8,	"value":  100667470,	"_comment": "Icon"},
		{"key":  22,	"value":  872415275,	"_comment": "PhysicsEffectTable"}
	],
	"pageDataList": {
		"maxNumPages":           6,
		"maxNumCharsPerPage": 1000,
		"pages": [
			{
				"authorID":        4294967295,
				"authorName": "Tekapuapuh",
				"authorAccount": "prewritten",
				"ignoreAuthor":             0,
				"pageText": "Hey! Thanks for going on this adventure-journey-quest-thing for me! I really appreciate it! Hey!\n\nYou need to go to my special secret portal, to the east of my mansion! You'll need the special password! It's \"PutiPuti\" just like my favorite grubby!\n\nI came up with the password all by myself!\n\nWhen you get there, get my special onga! It's the only thing that makes Putiputipuh happy! And I want Putiputipuh happy! I need my Putiputipuh to be happy! Happy! HAPPY!\n\n"
			},
			{
				"authorID":        4294967295,
				"authorName": "Tekapuapuh",
				"authorAccount": "prewritten",
				"ignoreAuthor":             0,
				"pageText": "I dropped a bunch of stuff while I was down there, but I'm sure you can find the Onga. It's no problem!\n\nDid I ever tell you how I found Putiputipuh? Maybe, if you come back with the Onga, and you're really, really, really, really, really, really, really, really, really, really, really, really, really, really, really, really, really nice, I'll tell you! When you get back! Maybe I'll let you pet Putiputipuh even. Doesn't that make you want to come back?!\n\nI knew it would!\n"
			},
			{
				"authorID":        4294967295,
				"authorName": "Tekapuapuh",
				"authorAccount": "prewritten",
				"ignoreAuthor":             0,
				"pageText": "\n"
			},
			{
				"authorID":        4294967295,
				"authorName": "Tekapuapuh",
				"authorAccount": "prewritten",
				"ignoreAuthor":             0,
				"pageText": "\n"
			},
			{
				"authorID":        4294967295,
				"authorName": "Tekapuapuh",
				"authorAccount": "prewritten",
				"ignoreAuthor":             0,
				"pageText": "\n"
			},
			{
				"authorID":        4294967295,
				"authorName": "Tekapuapuh",
				"authorAccount": "prewritten",
				"ignoreAuthor":             0,
				"pageText": "Why are you still reading this! Find my Putiputipuh's Onga! Finditfinditfinditfinditfindit!!! \n"
			}
		]
	}
}