{
	"wcid": 11009,	"_comment": "The Hoeroa of Palenqual(instructionsstaffmelee_xp)",
	"weenieType": 8,	"_comment2": "Book",
	"stringStats":[
		{"key":  16,	"value": "Instructions for building the Hoeroa of Palenqual.",	"_comment": "LongDesc"},
		{"key":   1,	"value": "The Hoeroa of Palenqual",	"_comment": "Name"},
		{"key":  15,	"value": "Instructions for building the Hoeroa of Palenqual.",	"_comment": "ShortDesc"}
	],
	"intStats":[
		{"key":   9,	"value":          0,	"_comment": "ValidLocations = None_Loc"},
		{"key":   1,	"value":       8192,	"_comment": "ItemType = Type_Writable"},
		{"key":  93,	"value":       1044,	"_comment": "PhysicsState = Ethereal_PS, Ignore_Collisions_PS, Gravity_PS"},
		{"key":   5,	"value":          5,	"_comment": "EncumbranceVal"},
		{"key":  16,	"value":          8,	"_comment": "ItemUseable = Useable_Contained"},
		{"key":   8,	"value":          5,	"_comment": "Mass"},
		{"key":  19,	"value":          5,	"_comment": "Value"}
	],
	"boolStats":[
		{"key":  22,	"value":          0,	"_comment": "Inscribable"},
		{"key":  23,	"value":          1,	"_comment": "DestroyOnSell"}
	],
	"floatStats":[
		{"key":  54,	"value": 1.00000000,	"_comment": "UseRadius"}
	],
	"didStats":[
		{"key":   1,	"value":   33554773,	"_comment": "Setup"},
		{"key":   3,	"value":  536870932,	"_comment": "SoundTable"},
		{"key":   8,	"value":  100668176,	"_comment": "Icon"},
		{"key":  22,	"value":  872415275,	"_comment": "PhysicsEffectTable"}
	],
	"pageDataList": {
		"maxNumPages":           6,
		"maxNumCharsPerPage": 1000,
		"pages": [
			{
				"authorID":        4294967295,
				"authorName": "Aun Hareltah",
				"authorAccount": "prewritten",
				"ignoreAuthor":             0,
				"pageText": "\nHearken, and your ears shall be opened to the ways of making the Hoeroa of Palenqual.\n\nThe totem of Palenqual may only ever be wielded by one keh, he who earned it. Because of this limit, totems are bonded to their master's keh, and will never be lost should you find yourself sprawled before the light of a soulcatcher stone. They may, however, be freely given to another. \n"
			},
			{
				"authorID":        4294967295,
				"authorName": "Aun Hareltah",
				"authorAccount": "prewritten",
				"ignoreAuthor":             0,
				"pageText": "\n\nWhat you have now is the heart piece alone. As you have chosen to make for yourself the stout Hoeroa, the heart has been steeled to withstand the harshest knock against the enemy.\n"
			},
			{
				"authorID":        4294967295,
				"authorName": "Aun Hareltah",
				"authorAccount": "prewritten",
				"ignoreAuthor":             0,
				"pageText": "\n\nYet a heart can only beat unto itself if it has no voice, no legs, and no hands to grasp. To give the Hoeroa its ability to effect the world about, you must add other totems to it. As the isle of Palenqual is just a place without the creatures and forces that scurry and storm across it, so the Totem of Palenqual is mute without other totems that represent the inhabitants of this isle.\n"
			},
			{
				"authorID":        4294967295,
				"authorName": "Aun Hareltah",
				"authorAccount": "prewritten",
				"ignoreAuthor":             0,
				"pageText": "\n\nThere are five totems that the elder shamen of the Aun xuta have prepared for use. You must seek these boons from them in the fields of this Marescent Plateau, for they have piled their kindling far from here. They bear a heavy weight for our xuta. Be your eyes and mind open, though, for only three of these five boon-totems may be added to the totem of Palenqual.\n"
			},
			{
				"authorID":        4294967295,
				"authorName": "Aun Hareltah",
				"authorAccount": "prewritten",
				"ignoreAuthor":             0,
				"pageText": "\nThe Totem of our akiekie, Timaru, will add Timaru's Shelter to the Hoeroa. This will increase the bearer's natural Armor by thirty, and can be layered with additional protections.\n\nThe Totem of the Carenzi, the feral underground predators of Palenqual, will add Strength VI to the Hoeroa.\n\nThe Totem of the Siraluun, the graceful flightless birds, will add Lesser Strength of Earth to the Hoeroa. This will increase the bearer's Strength by four, and can be layered with additional enchantments.\n"
			},
			{
				"authorID":        4294967295,
				"authorName": "Aun Hareltah",
				"authorAccount": "prewritten",
				"ignoreAuthor":             0,
				"pageText": "\n\nThe Totem of the Storms that crash over this great snow-capped mountains of this plateau will lower the base damage of the Hoeroa, but a well-placed blow will in turn do four times the normal damage.\n\nThe Totem of Tonk, the newest comer to this isle, evinces knowledge of self, and mastery of one's chosen path. In the case of the Hoeroa, it grants Staff Mastery VI.\n\n"
			}
		]
	}
}