{
	"wcid": 1135,	"_comment": "Glenden Wood Bulletin Board(glendenbulletinboard)",
	"weenieType": 8,	"_comment2": "Book",
	"stringStats":[
		{"key":   1,	"value": "Glenden Wood Bulletin Board",	"_comment": "Name"}
	],
	"intStats":[
		{"key":   1,	"value":       8192,	"_comment": "ItemType = Type_Writable"},
		{"key":  93,	"value":       1048,	"_comment": "PhysicsState = Report_Collisions_PS, Ignore_Collisions_PS, Gravity_PS"},
		{"key":   5,	"value":       9000,	"_comment": "EncumbranceVal"},
		{"key":  16,	"value":         48,	"_comment": "ItemUseable = Useable_Viewed_Remote"},
		{"key":   8,	"value":       1800,	"_comment": "Mass"},
		{"key":  19,	"value":        125,	"_comment": "Value"}
	],
	"boolStats":[
		{"key":   1,	"value":          1,	"_comment": "Stuck"},
		{"key":  12,	"value":          1,	"_comment": "ReportCollisions"},
		{"key":  13,	"value":          0,	"_comment": "Ethereal"},
		{"key":  22,	"value":          1,	"_comment": "Inscribable"}
	],
	"floatStats":[
		{"key":  39,	"value": 1.30000000,	"_comment": "DefaultScale"},
		{"key":  54,	"value": 5.00000000,	"_comment": "UseRadius"}
	],
	"didStats":[
		{"key":   1,	"value":   33555088,	"_comment": "Setup"},
		{"key":   8,	"value":  100668115,	"_comment": "Icon"}
	],
	"pageDataList": {
		"maxNumPages":         100,
		"maxNumCharsPerPage": 1000,
		"pages": [
			{
				"authorID":        4294967295,
				"authorName": "Town of Glenden Wood",
				"authorAccount": "prewritten",
				"ignoreAuthor":             0,
				"pageText": " \nWelcome to the Glenden Wood Bulletin Board. Please leave messages for other players here.\n\nNote: Please do not use too many pages, as they are limited in Beta. Thank you.\n"
			}
		]
	}
}