{
	"wcid": 11374,	"_comment": "Note from Hea Toneawa to Aun Mariona(notetoneawa_xp)",
	"weenieType": 8,	"_comment2": "Book",
	"stringStats":[
		{"key":   1,	"value": "Note from Hea Toneawa to Aun Mariona",	"_comment": "Name"},
		{"key":  15,	"value": "A note from Hea Toneawa for delivery to Aun Mariona, at 41.1N 74.4W.",	"_comment": "ShortDesc"}
	],
	"intStats":[
		{"key":   9,	"value":          0,	"_comment": "ValidLocations = None_Loc"},
		{"key":   1,	"value":       8192,	"_comment": "ItemType = Type_Writable"},
		{"key":  93,	"value":       1044,	"_comment": "PhysicsState = Ethereal_PS, Ignore_Collisions_PS, Gravity_PS"},
		{"key":   5,	"value":         25,	"_comment": "EncumbranceVal"},
		{"key":  16,	"value":          8,	"_comment": "ItemUseable = Useable_Contained"},
		{"key":   8,	"value":          5,	"_comment": "Mass"},
		{"key":  19,	"value":          0,	"_comment": "Value"},
		{"key": 114,	"value":          1,	"_comment": "Attuned = Attuned_AttunedStatus"}
	],
	"boolStats":[
		{"key":  22,	"value":          0,	"_comment": "Inscribable"}
	],
	"floatStats":[
		{"key":  54,	"value": 1.00000000,	"_comment": "UseRadius"}
	],
	"didStats":[
		{"key":   1,	"value":   33554773,	"_comment": "Setup"},
		{"key":   3,	"value":  536870932,	"_comment": "SoundTable"},
		{"key":   8,	"value":  100668176,	"_comment": "Icon"},
		{"key":  22,	"value":  872415275,	"_comment": "PhysicsEffectTable"}
	],
	"pageDataList": {
		"maxNumPages":           1,
		"maxNumCharsPerPage": 1000,
		"pages": [
			{
				"authorID":        4294967295,
				"authorName": "Hea Toneawa",
				"authorAccount": "prewritten",
				"ignoreAuthor":             0,
				"pageText": "\nDearest Mariona,\n\nThough I love you more than the stars and the moon, I dare not meet you today as we had planned. I fear the Hea have become aware of our affections. The emnity between our xutas is too bitter. I know our love will be despised, and I fear for your safety. Lovely Mariona, steal away from Timaru, run away with me to the mainland. We could make a fresh start there, far from the baleful glances of our kindred. I will try my best to meet you on the morrow. Know that the trusted bearer of this missive also carries all my love to you.\n\nYour Toneawa\n\n"
			}
		]
	}
}