{
	"wcid": 11373,	"_comment": "Note from Aun Bernawa to Hea Toneawa(notebernawa_xp)",
	"weenieType": 8,	"_comment2": "Book",
	"stringStats":[
		{"key":  16,	"value": "A note from Aun Bernawa for delivery to Hea Toneawa, post-haste.",	"_comment": "LongDesc"},
		{"key":   1,	"value": "Note from Aun Bernawa to Hea Toneawa",	"_comment": "Name"},
		{"key":  15,	"value": "A note written in the Tonk language",	"_comment": "ShortDesc"}
	],
	"intStats":[
		{"key":   9,	"value":          0,	"_comment": "ValidLocations = None_Loc"},
		{"key":   1,	"value":       8192,	"_comment": "ItemType = Type_Writable"},
		{"key":  93,	"value":       1044,	"_comment": "PhysicsState = Ethereal_PS, Ignore_Collisions_PS, Gravity_PS"},
		{"key":   5,	"value":         25,	"_comment": "EncumbranceVal"},
		{"key":  16,	"value":          8,	"_comment": "ItemUseable = Useable_Contained"},
		{"key":   8,	"value":          5,	"_comment": "Mass"},
		{"key":  19,	"value":          0,	"_comment": "Value"},
		{"key": 114,	"value":          1,	"_comment": "Attuned = Attuned_AttunedStatus"}
	],
	"boolStats":[
		{"key":  22,	"value":          0,	"_comment": "Inscribable"}
	],
	"floatStats":[
		{"key":  54,	"value": 1.00000000,	"_comment": "UseRadius"}
	],
	"didStats":[
		{"key":   1,	"value":   33554773,	"_comment": "Setup"},
		{"key":   3,	"value":  536870932,	"_comment": "SoundTable"},
		{"key":   8,	"value":  100668176,	"_comment": "Icon"},
		{"key":  22,	"value":  872415275,	"_comment": "PhysicsEffectTable"}
	],
	"pageDataList": {
		"maxNumPages":           1,
		"maxNumCharsPerPage": 1000,
		"pages": [
			{
				"authorID":        4294967295,
				"authorName": "Aun Bernawa",
				"authorAccount": "prewritten",
				"ignoreAuthor":             0,
				"pageText": "\nToneawa:\n\nPray do not contact my sister Mariona again. She will soon learn that this mesalliance of hers will not be tolerated. Go--leave our island. The Aun were well rid of you the day you betrayed our sacred mission.\n\nBe happy that \"the trusted bearer of this missive\" is still alive to carry this back to you.\n\nBernawa\n"
			}
		]
	}
}