{
	"wcid": 11639,	"_comment": "Statue(statuebaelzharonrubble)",
	"weenieType": 8,	"_comment2": "Book",
	"stringStats":[
		{"key":   1,	"value": "Statue",	"_comment": "Name"}
	],
	"intStats":[
		{"key":   1,	"value":       8192,	"_comment": "ItemType = Type_Writable"},
		{"key":  93,	"value":       1048,	"_comment": "PhysicsState = Report_Collisions_PS, Ignore_Collisions_PS, Gravity_PS"},
		{"key":   5,	"value":       9000,	"_comment": "EncumbranceVal"},
		{"key": 133,	"value":          4,	"_comment": "ShowableOnRadar = ShowAlways_RadarEnum"},
		{"key":  16,	"value":         48,	"_comment": "ItemUseable = Useable_Viewed_Remote"},
		{"key":   8,	"value":       5800,	"_comment": "Mass"},
		{"key":  19,	"value":          0,	"_comment": "Value"},
		{"key":  95,	"value":          8,	"_comment": "RadarBlipColor"}
	],
	"boolStats":[
		{"key":   1,	"value":          1,	"_comment": "Stuck"},
		{"key":  12,	"value":          1,	"_comment": "ReportCollisions"},
		{"key":  13,	"value":          0,	"_comment": "Ethereal"},
		{"key":  22,	"value":          0,	"_comment": "Inscribable"},
		{"key":  24,	"value":          1,	"_comment": "UiHidden"}
	],
	"floatStats":[
		{"key":  39,	"value": 5.00000000,	"_comment": "DefaultScale"},
		{"key":  54,	"value": 4.00000000,	"_comment": "UseRadius"}
	],
	"didStats":[
		{"key":   1,	"value":   33557076,	"_comment": "Setup"},
		{"key":   8,	"value":  100670208,	"_comment": "Icon"}
	],
	"pageDataList": {
		"maxNumPages":           1,
		"maxNumCharsPerPage": 1000,
		"pages": [
			{
				"authorID":        4294967295,
				"authorName":             " ",
				"authorAccount": "prewritten",
				"ignoreAuthor":             0,
				"pageText": "\n"
			}
		]
	}
}