{
	"wcid": 11683,	"_comment": "A Portal-Jumper's Guide to Dereth(bookguidebook)",
	"weenieType": 8,	"_comment2": "Book",
	"stringStats":[
		{"key":  16,	"value": "A reassuringly thick book, packed with advice for those new to Dereth",	"_comment": "LongDesc"},
		{"key":   1,	"value": "A Portal-Jumper's Guide to Dereth",	"_comment": "Name"}
	],
	"intStats":[
		{"key":   9,	"value":          0,	"_comment": "ValidLocations = None_Loc"},
		{"key":   1,	"value":       8192,	"_comment": "ItemType = Type_Writable"},
		{"key":  93,	"value":       1044,	"_comment": "PhysicsState = Ethereal_PS, Ignore_Collisions_PS, Gravity_PS"},
		{"key":   5,	"value":        100,	"_comment": "EncumbranceVal"},
		{"key":  16,	"value":          8,	"_comment": "ItemUseable = Useable_Contained"},
		{"key":   8,	"value":        275,	"_comment": "Mass"},
		{"key":  19,	"value":         10,	"_comment": "Value"}
	],
	"boolStats":[
		{"key":  22,	"value":          0,	"_comment": "Inscribable"}
	],
	"floatStats":[
		{"key":  39,	"value": 1.22000000,	"_comment": "DefaultScale"},
		{"key":  54,	"value": 0.30000000,	"_comment": "UseRadius"}
	],
	"didStats":[
		{"key":   1,	"value":   33554771,	"_comment": "Setup"},
		{"key":   3,	"value":  536870932,	"_comment": "SoundTable"},
		{"key":   8,	"value":  100668117,	"_comment": "Icon"},
		{"key":  22,	"value":  872415275,	"_comment": "PhysicsEffectTable"}
	],
	"pageDataList": {
		"maxNumPages":           8,
		"maxNumCharsPerPage": 1000,
		"pages": [
			{
				"authorID":        4294967295,
				"authorName": "by F.P.",
				"authorAccount": "prewritten",
				"ignoreAuthor":             0,
				"pageText": "   As part of my continuing service to the organization for whom I do my work, I am writing down my observations about this charming little island I seem to have found myself on.  Mind you, this is not a full, that is to say, complete, account of the entire planet, as I find myself unable to leave the island that the locals call \"Dereth.\"\n"
			},
			{
				"authorID":        4294967295,
				"authorName": "by F.P.",
				"authorAccount": "prewritten",
				"ignoreAuthor":             0,
				"pageText": "   First, I must mention the mind-boggling size of this island.  It's very easy to get lost when you get out of sight of the nearest town.  I am often happy to simply follow my instincts and go willy-nilly from place to place without a clear destination in mind, but many people are not as open to exploration as I am, and it can be quite dangerous to get lost.  So if you're new, I would suggest you buy a piece of parchment from a friendly vendor and record the coordinates of important locations.  If you keep track of which direction you're going in, it's easy to keep yourself from getting hopelessly lost, as my friend A.D. has a tendency to do.\n"
			},
			{
				"authorID":        4294967295,
				"authorName": "",
				"authorAccount": "prewritten",
				"ignoreAuthor":             0,
				"pageText": "   Now, how does one sustain oneself here?  When it became evident to me that I was not going to get off the surface of this planet any time soon, I began to wonder how I'd get along, with no useful skills to speak of other than a certain flair for description.  Luckily, the creatures of this island seem to be quite well-off in material possessions.  Do not consider yourself above mugging a Mosswart and taking the items it was carrying.  There are many vendors around who will happily buy whatever items you may find.  Yes, violence for fun and profit!\n"
			},
			{
				"authorID":        4294967295,
				"authorName": "by F.P.",
				"authorAccount": "prewritten",
				"ignoreAuthor":             0,
				"pageText": "   At this point, some of you may be thinking, \"Well yes, now our intrepid correspondent has told us how to get places safely and what to do when we're there... But, fearless friend, where do we go?\"  Let me tell you.  When I was newly arrived here, I tried not to stray very far from the town where I started out, a charming little burg whose name I promptly forgot.  There were some interesting encounters to be found around there.  Excitement abounded as I fled the wrath of angered, squeaking Drudges.\n"
			},
			{
				"authorID":        4294967295,
				"authorName": "by F.P.",
				"authorAccount": "prewritten",
				"ignoreAuthor":             0,
				"pageText": "   Once I'd built up my strength and gotten the lay of the land, I decided to hit the beaches.  The beaches are full of all sorts of interesting fauna who would like to kill you.  Kill them before they kill you, take their possessions, and move on.  If you should find yourself weakened after being knocked back to the pretty blue lifestone several times too many, perhaps you should go back to beating on much weaker creatures until you have recovered your strength.\n"
			},
			{
				"authorID":        4294967295,
				"authorName": "by F.P.",
				"authorAccount": "prewritten",
				"ignoreAuthor":             0,
				"pageText": "   But after many adventures on the beaches, some of which I may write about, I grew strong and wily, and even had enough money to get myself decent traveling gear.  The creatures of the beaches ceased to challenge me, unless they caught me by surprise and without my leggings (don't ask, long story).  So I decided to move inland, to the beautiful and majestic mountains.  In the mountains, life has become exciting once again.  Many more trips to the fabulous blue lifestone, many jarring changes of consciousness and scenery that remind me fondly of some of the exotic cocktails I used to sample in far-off taverns...\n"
			},
			{
				"authorID":        4294967295,
				"authorName": "by F.P.",
				"authorAccount": "prewritten",
				"ignoreAuthor":             0,
				"pageText": "   Anyway.  That's neither here nor there.  By all means, don't take my word for it.  I have met many people in this land.  Some were helpful, some were rude, some were just plain incomprehensible, even to a well-traveled person such as myself.  But there are a few movers and shakers around here, whose names I have heard.  If you are socially inclined, there are any number of experienced adventurers here waiting to recruit you into their service, who can share their wisdom and equipment with you.\n"
			},
			{
				"authorID":        4294967295,
				"authorName": "by F.P.",
				"authorAccount": "prewritten",
				"ignoreAuthor":             0,
				"pageText": "   It's also always good advice to seek out new towns.  Local bartenders and town criers can be good places to find information.  Bartenders often sell rumors that point out interesting places to go and things to do.  Town criers will tell you something of what's going on, especially if you're ready to bribe them with a pyreal or two.\n\n   So have fun, cheerio, and don't forget your towel.\n"
			}
		]
	}
}