{
	"wcid": 11684,	"_comment": "An Apprentice's Guide to Research(bookapprenticeguide)",
	"weenieType": 8,	"_comment2": "Book",
	"stringStats":[
		{"key":  16,	"value": "A compendium of advice on spell research.",	"_comment": "LongDesc"},
		{"key":   1,	"value": "An Apprentice's Guide to Research",	"_comment": "Name"}
	],
	"intStats":[
		{"key":   9,	"value":          0,	"_comment": "ValidLocations = None_Loc"},
		{"key":   1,	"value":       8192,	"_comment": "ItemType = Type_Writable"},
		{"key":  93,	"value":       1044,	"_comment": "PhysicsState = Ethereal_PS, Ignore_Collisions_PS, Gravity_PS"},
		{"key":   5,	"value":        220,	"_comment": "EncumbranceVal"},
		{"key":  16,	"value":          8,	"_comment": "ItemUseable = Useable_Contained"},
		{"key":   8,	"value":        275,	"_comment": "Mass"},
		{"key":  19,	"value":        100,	"_comment": "Value"}
	],
	"boolStats":[
		{"key":  22,	"value":          0,	"_comment": "Inscribable"}
	],
	"floatStats":[
		{"key":  39,	"value": 1.22000000,	"_comment": "DefaultScale"},
		{"key":  54,	"value": 0.30000000,	"_comment": "UseRadius"}
	],
	"didStats":[
		{"key":   1,	"value":   33554771,	"_comment": "Setup"},
		{"key":   3,	"value":  536870932,	"_comment": "SoundTable"},
		{"key":   8,	"value":  100668117,	"_comment": "Icon"},
		{"key":  22,	"value":  872415275,	"_comment": "PhysicsEffectTable"}
	],
	"pageDataList": {
		"maxNumPages":          14,
		"maxNumCharsPerPage": 1000,
		"pages": [
			{
				"authorID":        4294967295,
				"authorName": "by Torvold Grimwold",
				"authorAccount": "prewritten",
				"ignoreAuthor":             0,
				"pageText": "    For those who choose the path of mind of matter, it can be a daunting task to realize the true capabilities of magic.  I remember when first I arrived on this foreign world how difficult it was associating the incantation and intonation of magical phraseology with the correct reagents upon my person to achieve my allotted goal.  Now in my twilight years I have embarked on a newer journey, and this is at great relief I think to those of you who are newly come to this alien place with nary the knowledge that your first master would have ascribed to your grimoire.\n"
			},
			{
				"authorID":        4294967295,
				"authorName": "",
				"authorAccount": "prewritten",
				"ignoreAuthor":             0,
				"pageText": "    Since my youngest days I have desired to acclimate and accommodate the fledgling mages of this Island called Dereth.  Yet even with my vast wealth and experience as an Archmage I lacked the tools necessary to disseminate the knowledge that I possessed to the masses of this land.  Now fortune has smiled upon me and in a sense you, as the Explorer Society has seen fit to publish this compendium as an aide to all apprentice Magi here upon Dereth.\n"
			},
			{
				"authorID":        4294967295,
				"authorName": "",
				"authorAccount": "prewritten",
				"ignoreAuthor":             0,
				"pageText": "    Your first spells should have been taught to you by your masters on Ispar, as such you should know the rudiments of crafting spells with words, reagent and gesticulation required to impart your will over the forces of mana to a magical end.  But if you are as I was once, you are still a veritable newborn to mystical vernacular and awareness.\n"
			},
			{
				"authorID":        4294967295,
				"authorName": "",
				"authorAccount": "prewritten",
				"ignoreAuthor":             0,
				"pageText": "    Thus I have created this diminutive tome to assist you in your trials and tribulations through the early stages of your magical intensification.  The most important thing to note is that the imbuing of magical force is handled primarily through the use of reagents.  Though the verbal incantation and gestures are used they are themselves a simple offshoot of the string, or formulae in which the reagents are ordered.  I will discuss each in the order that they should be arranged below.\n"
			},
			{
				"authorID":        4294967295,
				"authorName": "",
				"authorAccount": "prewritten",
				"ignoreAuthor":             0,
				"pageText": "    Scarabs:  Scarabs are made of precious metals and determine the potency of the spell you wish to enact, the more precious or valuable the metal the more difficult and intense the spell to be cast.  Scarabs always occupy the first position when working with your formulae.  Though there are instances where the sheer magnitude of the spell to be cast will require the inclusion of more than one of these precious items.\n"
			},
			{
				"authorID":        4294967295,
				"authorName": "",
				"authorAccount": "prewritten",
				"ignoreAuthor":             0,
				"pageText": "    Note: As the strength of a spell is amplified so too is the rate at which these components will be consumed by the sheer volume of magical energies being filtered through you.  Better they than your own body though.  Still the intelligent mage always carries extras of the more potent precious scarabs.\n"
			},
			{
				"authorID":        4294967295,
				"authorName": "",
				"authorAccount": "prewritten",
				"ignoreAuthor":             0,
				"pageText": "    Herbs:  Herbs are an important part of the spell formulae as well. Typically these many components occupy the position just to the right of the scarab.  Though this is only for the simplest of magical workings.  Each of these herbs has a specific purpose in the casting of the spell whereby it determines the first word to be used in your magical incantation.  You need not bother yourself with the implementation of these words until you are ready to test your formulae however.\n"
			},
			{
				"authorID":        4294967295,
				"authorName": "",
				"authorAccount": "prewritten",
				"ignoreAuthor":             0,
				"pageText": "    Powders: Powders are used to form the first syllable of the second word that must be spoken to draw upon the essence of magic.  This is the first step in giving the body of the spell a form of completeness.\n"
			},
			{
				"authorID":        4294967295,
				"authorName": "",
				"authorAccount": "prewritten",
				"ignoreAuthor":             0,
				"pageText": "    Potions: These flasks of magical brews are used to determine the second syllable of the second word of imbuing and together with the gem powder it forms the final piece of the phraseology of imbuing.\n"
			},
			{
				"authorID":        4294967295,
				"authorName": "",
				"authorAccount": "prewritten",
				"ignoreAuthor":             0,
				"pageText": "    Talismans: Talismans are the last determinant in the casting and they add the gesticulatory aspect of the casting.  Each talisman offers a different motion and if you observe other magi long enough you will be able to discern the different talismans that they use in their magical weavings.  As well the type of talisman used also determines the recipient of the spell, be it yourself, another or even an item.  Typically each of the schools only uses a few of the talisman for each of their many spells.\n"
			},
			{
				"authorID":        4294967295,
				"authorName": "",
				"authorAccount": "prewritten",
				"ignoreAuthor":             0,
				"pageText": "    Now we can determine how the earliest spells are learned.  Through practice you will see that this small guide will aid you greatly in your travels and preparations.  However, there is one more step that I will explain as best I can.  As you progress through your years as a magi you will feel more closely in tune with the magics about you and you will indelibly choose to become a more potent magi.  That being said I will do my best to explain the importance and relevance of the final component used in magical weaving, the taper.\n"
			},
			{
				"authorID":        4294967295,
				"authorName": "",
				"authorAccount": "prewritten",
				"ignoreAuthor":             0,
				"pageText": "    Tapers: These small candles assist in conducting and harnessing the forces of the mana stream.  They are used to enhance the effectiveness of the aforementioned components.  In doing so with the increase of the preciousness of the scarab so too comes the inclusion and positioning of a taper to assist in the fortifying of the other components, herbs at first, then powders and finally talismans.  They are the precursor to each of those thus why I state that they fortify each in turn.\n"
			},
			{
				"authorID":        4294967295,
				"authorName": "",
				"authorAccount": "prewritten",
				"ignoreAuthor":             0,
				"pageText": "    The most difficult part of comprehending the taper is learning its relevance and how the spell force draws upon each at a new progression.  There is a complicated, yet logical, formula in determining the tapers necessary to cast the more potent of spells.  There is a rotation based off a numerical equation that is the main determinant in the personalized tapers that you will need to imbue your magics.  These can seem difficult at first but you will be able to discern the pattern after a few attempts and successes.\n"
			},
			{
				"authorID":        4294967295,
				"authorName": "",
				"authorAccount": "prewritten",
				"ignoreAuthor":             0,
				"pageText": "    Track your progress and you shall see that the results do indeed form a specific pattern.  A last note on tapers, is that they increase in importance at second, third and fifth spheres.\n    Armed with this knowledge you are now prepared to embark on your new course of becoming a more fluid conduit for the casting of magics.\n\n    Torvold Grimwold, Archmage of the Dereth Exploration Society\n"
			}
		]
	}
}