{
	"wcid": 11724,	"_comment": "The Beginning(diarymartineascendant3_xp)",
	"weenieType": 8,	"_comment2": "Book",
	"stringStats":[
		{"key":   1,	"value": "The Beginning",	"_comment": "Name"},
		{"key":  15,	"value": "A Guide to a tale by Martine",	"_comment": "ShortDesc"}
	],
	"intStats":[
		{"key":   9,	"value":          0,	"_comment": "ValidLocations = None_Loc"},
		{"key":   1,	"value":       8192,	"_comment": "ItemType = Type_Writable"},
		{"key":  93,	"value":       1044,	"_comment": "PhysicsState = Ethereal_PS, Ignore_Collisions_PS, Gravity_PS"},
		{"key":   5,	"value":         10,	"_comment": "EncumbranceVal"},
		{"key":  16,	"value":          8,	"_comment": "ItemUseable = Useable_Contained"},
		{"key":   8,	"value":        200,	"_comment": "Mass"},
		{"key":  19,	"value":         10,	"_comment": "Value"}
	],
	"boolStats":[
		{"key":  22,	"value":          0,	"_comment": "Inscribable"}
	],
	"floatStats":[
		{"key":  39,	"value": 1.22000000,	"_comment": "DefaultScale"}
	],
	"didStats":[
		{"key":   1,	"value":   33554771,	"_comment": "Setup"},
		{"key":   3,	"value":  536870932,	"_comment": "SoundTable"},
		{"key":   8,	"value":  100668117,	"_comment": "Icon"},
		{"key":  22,	"value":  872415275,	"_comment": "PhysicsEffectTable"}
	],
	"pageDataList": {
		"maxNumPages":           6,
		"maxNumCharsPerPage": 1000,
		"pages": [
			{
				"authorID":        4294967295,
				"authorName": "",
				"authorAccount": "prewritten",
				"ignoreAuthor":             0,
				"pageText": "The Beginning\nor \nTable of Contents\n\nYou may initially be confused as to why I would wish to provide a guide to my recent activities.  Much of what I have planned for Dereth requires secrecy and subtlety, a deft and quiet touch on the pulse of the world.  I do not have confidence that the majority of Isparians are willing to go where I want to take them.  So better that I do not ask.\n"
			},
			{
				"authorID":        4294967295,
				"authorName": "",
				"authorAccount": "prewritten",
				"ignoreAuthor":             0,
				"pageText": "Nonetheless, in some cases an ignorant populace is far harder to manipulate than an educated one.   And so I share my travels and reminiscences with you.  I hope you enjoy them as much as I did.   \n\nChapter 1 -- Puppet, can be acquired from a new friend of mine, Ketnan, in the remains of Arwic.  I may have overdone my persuasion some, so he may be a touch skittish.  I felt bad for him, so I have allowed him to sell my work for money.  \n"
			},
			{
				"authorID":        4294967295,
				"authorName": "",
				"authorAccount": "prewritten",
				"ignoreAuthor":             0,
				"pageText": "Chapter 2 -- Facilitation, can be found deep in the Direland Swamps, where I have sent some Mire Witches on an errand.  \n\nChapter 3 -- A Meeting, can be found at the bottom of the Mosswart Hideout, in a chest that my minions have placed there.  As some of you may recall, I had some unfortunate experiences there some time ago, and I was not eager to return.  I have left a token that is the essence of my time there.\n"
			},
			{
				"authorID":        4294967295,
				"authorName": "",
				"authorAccount": "prewritten",
				"ignoreAuthor":             0,
				"pageText": "Chapter 4 -- Storytelling, is found on the person of Graggkh, the new leader of my favorite Mosswart tribe, after the old leader died unexpectedly.  Graggkh and the rest of his  Mosswarts can be found in the Moss Chamber, very close to Zaikhal.\n\nChapter 5 -- Interlude.  This chapter can be found in Zaikhal, Cragstone, and Hebian-To.  \n"
			},
			{
				"authorID":        4294967295,
				"authorName": "",
				"authorAccount": "prewritten",
				"ignoreAuthor":             0,
				"pageText": "Chapter 6 -- Denouement, (those lovely Viamontian words), is handed out by my personal servant.  Please be kind to him.  Find the first 5 chapters, and the location of the sixth should be obvious to anyone in possession of a keen and attentive mind.\n  \nSincerely yours,\n\nMartine\n"
			},
			{
				"authorID":        4294967295,
				"authorName": "",
				"authorAccount": "prewritten",
				"ignoreAuthor":             0,
				"pageText": "Oh, one more thing.  Those lovely weapons that I made for you, they disappear when you die.  Poof!  Fare thee well.  It is a hard lesson to learn, but true: nothing comes without a price.  Perhaps one day I can illustrate the lesson for you personally. \n"
			}
		]
	}
}