{
	"wcid": 11929,	"_comment": "A Call To Arms(writingwar)",
	"weenieType": 8,	"_comment2": "Book",
	"stringStats":[
		{"key":   1,	"value": "A Call To Arms",	"_comment": "Name"}
	],
	"intStats":[
		{"key":   9,	"value":          0,	"_comment": "ValidLocations = None_Loc"},
		{"key":   1,	"value":       8192,	"_comment": "ItemType = Type_Writable"},
		{"key":  93,	"value":       1044,	"_comment": "PhysicsState = Ethereal_PS, Ignore_Collisions_PS, Gravity_PS"},
		{"key":   5,	"value":          2,	"_comment": "EncumbranceVal"},
		{"key":  16,	"value":          8,	"_comment": "ItemUseable = Useable_Contained"},
		{"key":   8,	"value":          2,	"_comment": "Mass"},
		{"key":  19,	"value":          1,	"_comment": "Value"}
	],
	"boolStats":[
		{"key":  22,	"value":          0,	"_comment": "Inscribable"}
	],
	"floatStats":[
		{"key":  54,	"value": 1.00000000,	"_comment": "UseRadius"}
	],
	"didStats":[
		{"key":   1,	"value":   33554773,	"_comment": "Setup"},
		{"key":   3,	"value":  536870932,	"_comment": "SoundTable"},
		{"key":   8,	"value":  100675747,	"_comment": "Icon"},
		{"key":  22,	"value":  872415275,	"_comment": "PhysicsEffectTable"}
	],
	"pageDataList": {
		"maxNumPages":           2,
		"maxNumCharsPerPage": 1000,
		"pages": [
			{
				"authorID":        4294967295,
				"authorName": "Unknown",
				"authorAccount": "prewritten",
				"ignoreAuthor":             0,
				"pageText": "Morningthaw PY 14 -- Renegade Tumeroks Establish Training Camps Near Dryreach\n\nReports are trickling in that certain clans of the Hea Tumeroks have established extensive training camps near the town of Dryreach. These Tumerok clans were last seen as part of the invading Virindi force in Verdantine PY 12. The residents of Dryreach feel increasingly threatened by this buildup of Tumerok forces, and Queen Elysa has asked for volunteers to probe these camps. Any information the volunteers gather should be reported to the leaders of the Isparian Armed Forces stationed in Cragstone, Hebian-To, and Zaikhal. \n"
			},
			{
				"authorID":        4294967295,
				"authorName": "Unknown",
				"authorAccount": "prewritten",
				"ignoreAuthor":             0,
				"pageText": "\nPreliminary reports indicate camps at the following locations:\n\nFalcon: 75.0E, 2.0N\nSerpent: 70.0E, 1.0S\nShreth: 68.0E, 5.0S\nReedshark: 68.0E, 13.0S\nGromnie: 70.0E, 16.0S\nMask: 75.0E, 16.0S\n"
			}
		]
	}
}