{
	"wcid": 11949,	"_comment": "A Note(writingtumerokwar1)",
	"weenieType": 8,	"_comment2": "Book",
	"stringStats":[
		{"key":   1,	"value": "A Note",	"_comment": "Name"}
	],
	"intStats":[
		{"key":   9,	"value":          0,	"_comment": "ValidLocations = None_Loc"},
		{"key":   1,	"value":       8192,	"_comment": "ItemType = Type_Writable"},
		{"key":  93,	"value":       1044,	"_comment": "PhysicsState = Ethereal_PS, Ignore_Collisions_PS, Gravity_PS"},
		{"key":   5,	"value":          2,	"_comment": "EncumbranceVal"},
		{"key":  16,	"value":          8,	"_comment": "ItemUseable = Useable_Contained"},
		{"key":   8,	"value":          2,	"_comment": "Mass"},
		{"key":  19,	"value":          1,	"_comment": "Value"}
	],
	"boolStats":[
		{"key":  22,	"value":          0,	"_comment": "Inscribable"}
	],
	"floatStats":[
		{"key":  54,	"value": 1.00000000,	"_comment": "UseRadius"}
	],
	"didStats":[
		{"key":   1,	"value":   33554773,	"_comment": "Setup"},
		{"key":   3,	"value":  536870932,	"_comment": "SoundTable"},
		{"key":   8,	"value":  100668176,	"_comment": "Icon"},
		{"key":  22,	"value":  872415275,	"_comment": "PhysicsEffectTable"}
	],
	"pageDataList": {
		"maxNumPages":           1,
		"maxNumCharsPerPage": 1000,
		"pages": [
			{
				"authorID":        4294967295,
				"authorName": "Amaltah",
				"authorAccount": "prewritten",
				"ignoreAuthor":             0,
				"pageText": "\nMy brothers, sharpen your claws and make ready your positions, for we who were once beneath the shroud of atua ngamaru have found allies. They have pledged to give assistance to us as we claim a homeland in our name. Our banners will rise alongside the breadth of all the Tonk!\n\nNow, make ready, and train our forces near the Isparian city of Dryreach. When we are prepared, we will siege the city and claim the land for our own.\n"
			}
		]
	}
}