{
	"wcid": 11950,	"_comment": "A Note(writingtumerokwar2)",
	"weenieType": 8,	"_comment2": "Book",
	"stringStats":[
		{"key":   1,	"value": "A Note",	"_comment": "Name"}
	],
	"intStats":[
		{"key":   9,	"value":          0,	"_comment": "ValidLocations = None_Loc"},
		{"key":   1,	"value":       8192,	"_comment": "ItemType = Type_Writable"},
		{"key":  93,	"value":       1044,	"_comment": "PhysicsState = Ethereal_PS, Ignore_Collisions_PS, Gravity_PS"},
		{"key":   5,	"value":          2,	"_comment": "EncumbranceVal"},
		{"key":  16,	"value":          8,	"_comment": "ItemUseable = Useable_Contained"},
		{"key":   8,	"value":          2,	"_comment": "Mass"},
		{"key":  19,	"value":          1,	"_comment": "Value"}
	],
	"boolStats":[
		{"key":  22,	"value":          0,	"_comment": "Inscribable"}
	],
	"floatStats":[
		{"key":  54,	"value": 1.00000000,	"_comment": "UseRadius"}
	],
	"didStats":[
		{"key":   1,	"value":   33554773,	"_comment": "Setup"},
		{"key":   3,	"value":  536870932,	"_comment": "SoundTable"},
		{"key":   8,	"value":  100668176,	"_comment": "Icon"},
		{"key":  22,	"value":  872415275,	"_comment": "PhysicsEffectTable"}
	],
	"pageDataList": {
		"maxNumPages":           1,
		"maxNumCharsPerPage": 1000,
		"pages": [
			{
				"authorID":        4294967295,
				"authorName": "Amaltah",
				"authorAccount": "prewritten",
				"ignoreAuthor":             0,
				"pageText": "\nHear me, Serpent Clan: Your efforts are not forgotten, and you are needed by those who call you brother. Atua ngamaru has abandoned us, and it is time we carve a homeland for ourselves and take what is ours. We shall need your knowledge, your cunning, and your bite. You shall be exalted among us as brothers and heroes.\n\nGather with us near the Isparian settlement of Dryreach. We train there for our conquest.\n"
			}
		]
	}
}