{
	"wcid": 11970,	"_comment": "Plaque(decorationplaque_xp)",
	"weenieType": 8,	"_comment2": "Book",
	"stringStats":[
		{"key":   1,	"value": "Plaque",	"_comment": "Name"},
		{"key":  15,	"value": "This item can be used on an wall hook.",	"_comment": "ShortDesc"}
	],
	"intStats":[
		{"key":   9,	"value":          0,	"_comment": "ValidLocations = None_Loc"},
		{"key":   1,	"value":       8192,	"_comment": "ItemType = Type_Writable"},
		{"key":  93,	"value":       1044,	"_comment": "PhysicsState = Ethereal_PS, Ignore_Collisions_PS, Gravity_PS"},
		{"key":   5,	"value":         15,	"_comment": "EncumbranceVal"},
		{"key":  16,	"value":         48,	"_comment": "ItemUseable = Useable_Viewed_Remote"},
		{"key":   8,	"value":         15,	"_comment": "Mass"},
		{"key":  19,	"value":      10000,	"_comment": "Value"},
		{"key": 150,	"value":        103,	"_comment": "HookPlacement"},
		{"key": 151,	"value":          2,	"_comment": "HookType = Wall_HookTypeEnum"},
		{"key":  33,	"value":          1,	"_comment": "Bonded = Bonded_BondedStatus"}
	],
	"boolStats":[
		{"key":  13,	"value":          1,	"_comment": "Ethereal"},
		{"key":  22,	"value":          1,	"_comment": "Inscribable"},
		{"key":  23,	"value":          1,	"_comment": "DestroyOnSell"}
	],
	"floatStats":[
		{"key":  39,	"value": 0.50000000,	"_comment": "DefaultScale"},
		{"key":  54,	"value": 10.00000000,	"_comment": "UseRadius"}
	],
	"didStats":[
		{"key":   1,	"value":   33557262,	"_comment": "Setup"},
		{"key":   8,	"value":  100673829,	"_comment": "Icon"}
	]
}