{
	"wcid": 12144,	"_comment": "Translated Southern Infiltrator Note(noteinfiltratorsouthtranslated)",
	"weenieType": 8,	"_comment2": "Book",
	"stringStats":[
		{"key":  16,	"value": "A note translated by Diyas al-Yat of Zaikhal.",	"_comment": "LongDesc"},
		{"key":   1,	"value": "Translated Southern Infiltrator Note",	"_comment": "Name"},
		{"key":  14,	"value": "Use this item to read it.",	"_comment": "Use"},
		{"key":  15,	"value": "A note translated by Diyas al-Yat of Zaikhal.",	"_comment": "ShortDesc"}
	],
	"intStats":[
		{"key":   9,	"value":          0,	"_comment": "ValidLocations = None_Loc"},
		{"key":   1,	"value":       8192,	"_comment": "ItemType = Type_Writable"},
		{"key":  93,	"value":       1044,	"_comment": "PhysicsState = Ethereal_PS, Ignore_Collisions_PS, Gravity_PS"},
		{"key":   5,	"value":          5,	"_comment": "EncumbranceVal"},
		{"key":  16,	"value":          8,	"_comment": "ItemUseable = Useable_Contained"},
		{"key":   8,	"value":          5,	"_comment": "Mass"},
		{"key":  19,	"value":         20,	"_comment": "Value"}
	],
	"boolStats":[
		{"key":  22,	"value":          0,	"_comment": "Inscribable"}
	],
	"floatStats":[
		{"key":  39,	"value": 1.22000000,	"_comment": "DefaultScale"}
	],
	"didStats":[
		{"key":   1,	"value":   33554773,	"_comment": "Setup"},
		{"key":   3,	"value":  536870932,	"_comment": "SoundTable"},
		{"key":   8,	"value":  100668176,	"_comment": "Icon"},
		{"key":  22,	"value":  872415275,	"_comment": "PhysicsEffectTable"}
	],
	"pageDataList": {
		"maxNumPages":           2,
		"maxNumCharsPerPage": 1000,
		"pages": [
			{
				"authorID":        4294967295,
				"authorName": "The Crafter",
				"authorAccount": "prewritten",
				"ignoreAuthor":             0,
				"pageText": "Honored colleague,\n    Allow me to express my gratitude that you have joined in this great experiment, an experiment that will be revealed to be as ambitious as the very establishment of the New Singularity! As we have shed our dependency on the Singularity and the Quiddity, so must we shed the poor disguises and half-formed vessels that our flawed forebears crafted for us in this realm. With the research you and our colleague in the northern desert conduct, we will be able to convince the inner circle and the Speaker of the rightness of our new ways.\n"
			},
			{
				"authorID":        4294967295,
				"authorName": "The Crafter",
				"authorAccount": "prewritten",
				"ignoreAuthor":             0,
				"pageText": "    I look forward to sharing our discoveries for the advancement of our conditions. The stability of the fragile New Singularity will rest on our endeavors!\n\n--The Crafter\n\n"
			}
		]
	}
}