{
	"wcid": 12140,	"_comment": "Translated Asteliary Crafter's Note(noteasteliarytranslated)",
	"weenieType": 8,	"_comment2": "Book",
	"stringStats":[
		{"key":  16,	"value": "A note translated by Diyas al-Yat of Zaikhal.",	"_comment": "LongDesc"},
		{"key":   1,	"value": "Translated Asteliary Crafter's Note",	"_comment": "Name"},
		{"key":  14,	"value": "Use this item to read it.",	"_comment": "Use"},
		{"key":  15,	"value": "A note translated by Diyas al-Yat of Zaikhal.",	"_comment": "ShortDesc"}
	],
	"intStats":[
		{"key":   9,	"value":          0,	"_comment": "ValidLocations = None_Loc"},
		{"key":   1,	"value":       8192,	"_comment": "ItemType = Type_Writable"},
		{"key":  93,	"value":       1044,	"_comment": "PhysicsState = Ethereal_PS, Ignore_Collisions_PS, Gravity_PS"},
		{"key":   5,	"value":          5,	"_comment": "EncumbranceVal"},
		{"key":  16,	"value":          8,	"_comment": "ItemUseable = Useable_Contained"},
		{"key":   8,	"value":          5,	"_comment": "Mass"},
		{"key":  19,	"value":         20,	"_comment": "Value"}
	],
	"boolStats":[
		{"key":  22,	"value":          0,	"_comment": "Inscribable"}
	],
	"floatStats":[
		{"key":  39,	"value": 1.22000000,	"_comment": "DefaultScale"}
	],
	"didStats":[
		{"key":   1,	"value":   33554773,	"_comment": "Setup"},
		{"key":   3,	"value":  536870932,	"_comment": "SoundTable"},
		{"key":   8,	"value":  100668176,	"_comment": "Icon"},
		{"key":  22,	"value":  872415275,	"_comment": "PhysicsEffectTable"}
	],
	"pageDataList": {
		"maxNumPages":           5,
		"maxNumCharsPerPage": 1000,
		"pages": [
			{
				"authorID":        4294967295,
				"authorName": "The Crafter's Journal",
				"authorAccount": "prewritten",
				"ignoreAuthor":             0,
				"pageText": "I am heartened by the cooperation of my two new colleagues in the northern and southern installations. Sadly, they are the only ones who share my views. I experience something we call \"irony\" at the opposition we have encountered from the Speaker of the New Directive and the inner circle, the founders of our movement. They who had the courage to rebel against the Directive and to seek a home outside of the Quiddity are now the ones who look upon our next step forward with suspicion and doubt.\n"
			},
			{
				"authorID":        4294967295,
				"authorName": "The Crafter's Journal",
				"authorAccount": "prewritten",
				"ignoreAuthor":             0,
				"pageText": "The logic of our movement is unassailable. The forms we maintain in this realm are crude and imperfect, too far removed from the physical essence at the core of this realm's power. If we are to establish a New Singularity, we must give ourselves to the unique properties of our new home. Just as we cannot truly divorce ourselves from the Quiddity until we are freed of our dependency on the Singularity, we cannot become truly a part of a New Singularity created in this realm unless we embrace the physicality of this realm. We cannot know what it is that gives the humans their unique consciousness until we have immersed ourselves in their forms.\n"
			},
			{
				"authorID":        4294967295,
				"authorName": "The Crafter's Journal",
				"authorAccount": "prewritten",
				"ignoreAuthor":             0,
				"pageText": "To this end, I have crafted new forms, shaped in the images of the humans who have proven to be such worthy foils to all our plans. The Speaker originally expressed enthusiasm for my creation, thinking to use them as a vehicle to carry forth our assaults upon human strongholds. When I informed the Speaker, however, that these new creations were to be subjects of research first, and eventually more powerful vessels for ourselves, he recoiled. The Speaker insisted that cloaking ourselves in physical form would taint our purity and reduce us to the level of crude beasts, like the humans.\n"
			},
			{
				"authorID":        4294967295,
				"authorName": "The Crafter's Journal",
				"authorAccount": "prewritten",
				"ignoreAuthor":             0,
				"pageText": "Only after lengthy argument, with the support of my two colleagues, did the Speaker give me leave to continue my work, but I was told to never expect others to join me in my \"horrifying debasement.\" We were given resources and permission to establish research facilities, as well as favorable arrangements with local tribes of our allies, the ones called Tumeroks. In exchange, we are to keep to ourselves, report any \"useful\" findings, and to keep from proselytizing the other members of the New Singularity movement.\n"
			},
			{
				"authorID":        4294967295,
				"authorName": "The Crafter's Journal",
				"authorAccount": "prewritten",
				"ignoreAuthor":             0,
				"pageText": "Against the wishes of the Speaker, my two colleagues and I took the final step in the name of our research and in the name of progress for all. We brought ourselves forward and occupied these forms. They are all I could hope for, and more. They provide the physical vigor and adaptability possessed by our human rivals, and seem to have left unaffected our mental resources and facilities for the practice of power. Perhaps when we have demonstrated our new capabilities to the Speaker and the inner circle, they will accede to the wisdom of my research and join us in our exalted forms.\n"
			}
		]
	}
}