{
	"wcid": 12146,	"_comment": "Simulacra Rumor(noterumorsimulacra)",
	"weenieType": 8,	"_comment2": "Book",
	"stringStats":[
		{"key":  16,	"value": "A rumor about new Virindi servants.",	"_comment": "LongDesc"},
		{"key":   1,	"value": "Simulacra Rumor",	"_comment": "Name"},
		{"key":  14,	"value": "Use this item to read it.",	"_comment": "Use"},
		{"key":  15,	"value": "A rumor about new Virindi servants.",	"_comment": "ShortDesc"}
	],
	"intStats":[
		{"key":   9,	"value":          0,	"_comment": "ValidLocations = None_Loc"},
		{"key":   1,	"value":       8192,	"_comment": "ItemType = Type_Writable"},
		{"key":  93,	"value":       1044,	"_comment": "PhysicsState = Ethereal_PS, Ignore_Collisions_PS, Gravity_PS"},
		{"key":   5,	"value":          5,	"_comment": "EncumbranceVal"},
		{"key":  16,	"value":          8,	"_comment": "ItemUseable = Useable_Contained"},
		{"key":   8,	"value":          5,	"_comment": "Mass"},
		{"key":  19,	"value":         20,	"_comment": "Value"}
	],
	"boolStats":[
		{"key":  22,	"value":          0,	"_comment": "Inscribable"}
	],
	"floatStats":[
		{"key":  39,	"value": 1.22000000,	"_comment": "DefaultScale"}
	],
	"didStats":[
		{"key":   1,	"value":   33554773,	"_comment": "Setup"},
		{"key":   3,	"value":  536870932,	"_comment": "SoundTable"},
		{"key":   8,	"value":  100668176,	"_comment": "Icon"},
		{"key":  22,	"value":  872415275,	"_comment": "PhysicsEffectTable"}
	],
	"pageDataList": {
		"maxNumPages":           3,
		"maxNumCharsPerPage": 1000,
		"pages": [
			{
				"authorID":        4294967295,
				"authorName": "Ardry the Dubious",
				"authorAccount": "prewritten",
				"ignoreAuthor":             0,
				"pageText": "I have to hand it to the Virindi. They're learning. I've stumbled upon a new set of Virindi installations, where they seem to be crafting servant creatures that look much more convincingly human. Beware these insidious creatures. We've decided to name them \"Simulacra.\" Some are pretty fair melee fighters, while the worst ones combine weapon skill with overpowering magical assaults.\n"
			},
			{
				"authorID":        4294967295,
				"authorName": "Ardry the Dubious",
				"authorAccount": "prewritten",
				"ignoreAuthor":             0,
				"pageText": "I've taken some pains to explore the installations from where these creatures seem to originate. There's one north of Al-Jalima and east of Zaikhal, one south of Khayyaban, and one in the mountainous terrain south of Samsur. Some adventuruous friends and I journeyed into each of these installations. They are all overrun with allies and servants of the Virindi. We found a particularly powerful Simulacrum in charge of each installation, and each one bore a noteworthy item. We found a shield on one creature, a helm on a second, and a spellcasting orb and some kind of bizarre gem on the third.\n"
			},
			{
				"authorID":        4294967295,
				"authorName": "Ardry the Dubious",
				"authorAccount": "prewritten",
				"ignoreAuthor":             0,
				"pageText": "The shield, helm, and orb are all nice items, but my Uncle Aliester, who's done plenty of research on this sort of thing, tells me that the gem can be used to improve the enchantments on each of the items even further. He warns me, however, that the gem has a particular \"attuning\" behavior - that the person who imbues an item with the gem's power will be the only person who can ever use that item.\n"
			}
		]
	}
}