{
	"wcid": 12143,	"_comment": "Northern Infiltrator Message Shard(noteinfiltratornorthuntranslated)",
	"weenieType": 8,	"_comment2": "Book",
	"stringStats":[
		{"key":  16,	"value": "A piece of obsidian etched with arcane symbols.",	"_comment": "LongDesc"},
		{"key":   1,	"value": "Northern Infiltrator Message Shard",	"_comment": "Name"},
		{"key":  14,	"value": "This item cannot be read.",	"_comment": "Use"},
		{"key":  15,	"value": "A chunk of black glass, scored with strange marks.",	"_comment": "ShortDesc"}
	],
	"intStats":[
		{"key":   9,	"value":          0,	"_comment": "ValidLocations = None_Loc"},
		{"key":   1,	"value":        128,	"_comment": "ItemType = Type_Misc"},
		{"key":  93,	"value":       1044,	"_comment": "PhysicsState = Ethereal_PS, Ignore_Collisions_PS, Gravity_PS"},
		{"key":   5,	"value":         50,	"_comment": "EncumbranceVal"},
		{"key":  16,	"value":          8,	"_comment": "ItemUseable = Useable_Contained"},
		{"key":   8,	"value":          5,	"_comment": "Mass"},
		{"key":  19,	"value":         20,	"_comment": "Value"}
	],
	"boolStats":[
		{"key":  22,	"value":          0,	"_comment": "Inscribable"},
		{"key":  23,	"value":          1,	"_comment": "DestroyOnSell"}
	],
	"floatStats":[
		{"key":  39,	"value": 0.20000000,	"_comment": "DefaultScale"},
		{"key":  76,	"value": 0.50000000,	"_comment": "Translucency"},
		{"key":  54,	"value": 1.00000000,	"_comment": "UseRadius"}
	],
	"didStats":[
		{"key":   1,	"value":   33555391,	"_comment": "Setup"},
		{"key":   3,	"value":  536870932,	"_comment": "SoundTable"},
		{"key":   8,	"value":  100671183,	"_comment": "Icon"},
		{"key":  22,	"value":  872415275,	"_comment": "PhysicsEffectTable"}
	],
	"pageDataList": {
		"maxNumPages":           1,
		"maxNumCharsPerPage": 1000,
		"pages": [
			{
				"authorID":        4294967295,
				"authorName": "",
				"authorAccount": "prewritten",
				"ignoreAuthor":             0,
				"pageText": "[This item is unreadable and must be translated by Diyas al-Yat in Zaikhal.]\n"
			}
		]
	}
}