{
	"wcid": 12142,	"_comment": "Translated Northern Infiltrator Note(noteinfiltratornorthtranslated)",
	"weenieType": 8,	"_comment2": "Book",
	"stringStats":[
		{"key":  16,	"value": "A note translated by Diyas al-Yat of Zaikhal.",	"_comment": "LongDesc"},
		{"key":   1,	"value": "Translated Northern Infiltrator Note",	"_comment": "Name"},
		{"key":  14,	"value": "Use this item to read it.",	"_comment": "Use"},
		{"key":  15,	"value": "A note translated by Diyas al-Yat of Zaikhal.",	"_comment": "ShortDesc"}
	],
	"intStats":[
		{"key":   9,	"value":          0,	"_comment": "ValidLocations = None_Loc"},
		{"key":   1,	"value":       8192,	"_comment": "ItemType = Type_Writable"},
		{"key":  93,	"value":       1044,	"_comment": "PhysicsState = Ethereal_PS, Ignore_Collisions_PS, Gravity_PS"},
		{"key":   5,	"value":          5,	"_comment": "EncumbranceVal"},
		{"key":  16,	"value":          8,	"_comment": "ItemUseable = Useable_Contained"},
		{"key":   8,	"value":          5,	"_comment": "Mass"},
		{"key":  19,	"value":         20,	"_comment": "Value"}
	],
	"boolStats":[
		{"key":  22,	"value":          0,	"_comment": "Inscribable"}
	],
	"floatStats":[
		{"key":  39,	"value": 1.22000000,	"_comment": "DefaultScale"}
	],
	"didStats":[
		{"key":   1,	"value":   33554773,	"_comment": "Setup"},
		{"key":   3,	"value":  536870932,	"_comment": "SoundTable"},
		{"key":   8,	"value":  100668176,	"_comment": "Icon"},
		{"key":  22,	"value":  872415275,	"_comment": "PhysicsEffectTable"}
	],
	"pageDataList": {
		"maxNumPages":           2,
		"maxNumCharsPerPage": 1000,
		"pages": [
			{
				"authorID":        4294967295,
				"authorName": "The Crafter",
				"authorAccount": "prewritten",
				"ignoreAuthor":             0,
				"pageText": "Honored colleague,\n    I hope you enjoy the capabilities of the new form which I have constructed for you. I am gratified that you have decided to accept the wisdom of my research, and I must express my certainty that you will find nothing to regret in our current course. We are innovators among the innovators. The Speaker and the inner circle have rightly chosen to break away from the Quiddity and make a new Singularity in this realm, but they do not yet understand that a new Singularity also requires a new form!\n"
			},
			{
				"authorID":        4294967295,
				"authorName": "The Crafter",
				"authorAccount": "prewritten",
				"ignoreAuthor":             0,
				"pageText": "\n    Please keep me informed of the progress you make with your preparations in the northern fortress. I have established a base of experimentations here in the ridges of the eastern desert edge and await your first missive.\n\n--The Crafter\n\n"
			}
		]
	}
}