{
	"wcid": 1220,	"_comment": "Dungeon Manor Directions(directionsdungeonmanor)",
	"weenieType": 8,	"_comment2": "Book",
	"stringStats":[
		{"key":   1,	"value": "Dungeon Manor Directions",	"_comment": "Name"}
	],
	"intStats":[
		{"key":   9,	"value":          0,	"_comment": "ValidLocations = None_Loc"},
		{"key":   1,	"value":       8192,	"_comment": "ItemType = Type_Writable"},
		{"key":  93,	"value":       1044,	"_comment": "PhysicsState = Ethereal_PS, Ignore_Collisions_PS, Gravity_PS"},
		{"key":   5,	"value":         25,	"_comment": "EncumbranceVal"},
		{"key":  16,	"value":          8,	"_comment": "ItemUseable = Useable_Contained"},
		{"key":   8,	"value":          5,	"_comment": "Mass"},
		{"key":  19,	"value":          5,	"_comment": "Value"}
	],
	"boolStats":[
		{"key":  22,	"value":          0,	"_comment": "Inscribable"}
	],
	"floatStats":[
		{"key":  54,	"value": 1.00000000,	"_comment": "UseRadius"}
	],
	"didStats":[
		{"key":   1,	"value":   33554773,	"_comment": "Setup"},
		{"key":   3,	"value":  536870932,	"_comment": "SoundTable"},
		{"key":   8,	"value":  100668176,	"_comment": "Icon"},
		{"key":  22,	"value":  872415275,	"_comment": "PhysicsEffectTable"}
	],
	"pageDataList": {
		"maxNumPages":           2,
		"maxNumCharsPerPage": 1000,
		"pages": [
			{
				"authorID":        4294967295,
				"authorName": "Dungeon Manor Directions",
				"authorAccount": "prewritten",
				"ignoreAuthor":             0,
				"pageText": "\n\nThe subterranean remnants of an ancient Empyrean estate have been uncovered near Samsur. The unfortunate family that tried living there recently was chased out by drudges. They say they never managed to fully explore the deepest parts of the estate, and suspect there may be some treasure.\n\n(more)\n"
			},
			{
				"authorID":        4294967295,
				"authorName": "Dungeon Manor Directions",
				"authorAccount": "prewritten",
				"ignoreAuthor":             0,
				"pageText": "\n\nSomeone else ventured down, however -- a woman from Qalaba'r named Iquba. She barely escaped with her life, but she did find a mysterious key that had no apparent purpose! Perhaps you can find it too, and solve its mystery. The portal to this dungeon manor can be found by traveling directly north from the pub in Samsur: it is on a promontory overlooking town.\n"
			}
		]
	}
}