{
	"wcid": 1221,	"_comment": "Holtburg Dungeon Directions(directionsholtburgdungeon)",
	"weenieType": 8,	"_comment2": "Book",
	"stringStats":[
		{"key":   1,	"value": "Holtburg Dungeon Directions",	"_comment": "Name"}
	],
	"intStats":[
		{"key":   9,	"value":          0,	"_comment": "ValidLocations = None_Loc"},
		{"key":   1,	"value":       8192,	"_comment": "ItemType = Type_Writable"},
		{"key":  93,	"value":       1044,	"_comment": "PhysicsState = Ethereal_PS, Ignore_Collisions_PS, Gravity_PS"},
		{"key":   5,	"value":         25,	"_comment": "EncumbranceVal"},
		{"key":  16,	"value":          8,	"_comment": "ItemUseable = Useable_Contained"},
		{"key":   8,	"value":          5,	"_comment": "Mass"},
		{"key":  19,	"value":          5,	"_comment": "Value"}
	],
	"boolStats":[
		{"key":  22,	"value":          0,	"_comment": "Inscribable"}
	],
	"floatStats":[
		{"key":  54,	"value": 1.00000000,	"_comment": "UseRadius"}
	],
	"didStats":[
		{"key":   1,	"value":   33554773,	"_comment": "Setup"},
		{"key":   3,	"value":  536870932,	"_comment": "SoundTable"},
		{"key":   8,	"value":  100675748,	"_comment": "Icon"},
		{"key":  22,	"value":  872415275,	"_comment": "PhysicsEffectTable"}
	],
	"pageDataList": {
		"maxNumPages":           1,
		"maxNumCharsPerPage": 1000,
		"pages": [
			{
				"authorID":        4294967295,
				"authorName": "Holtburg Dungeon Directions",
				"authorAccount": "prewritten",
				"ignoreAuthor":             0,
				"pageText": "\nA portal to an old dungeon, dating back centuries, lies in the marsh northwest of Holtburg. Rats, drudges, and other fell beasts dwell within. Rumors say the deepest sections are dangerous for the inexperienced (I know not what lurks there), but thankfully that area has apparently been locked off. Only the hardy should dare go into those depths.  By the way, you may find a strange key in your explorations.  No one here quite knows what it's for, but a woman named Iquba was asking an awful lot of questions about it recently. She lives in Qalaba'r, and she may know more.\n"
			}
		]
	}
}