{
	"wcid": 1224,	"_comment": "Samsur Portal Directions(directionssamsurtravel)",
	"weenieType": 8,	"_comment2": "Book",
	"stringStats":[
		{"key":   1,	"value": "Samsur Portal Directions",	"_comment": "Name"}
	],
	"intStats":[
		{"key":   9,	"value":          0,	"_comment": "ValidLocations = None_Loc"},
		{"key":   1,	"value":       8192,	"_comment": "ItemType = Type_Writable"},
		{"key":  93,	"value":       1044,	"_comment": "PhysicsState = Ethereal_PS, Ignore_Collisions_PS, Gravity_PS"},
		{"key":   5,	"value":         25,	"_comment": "EncumbranceVal"},
		{"key":  16,	"value":          8,	"_comment": "ItemUseable = Useable_Contained"},
		{"key":   8,	"value":          5,	"_comment": "Mass"},
		{"key":  19,	"value":          3,	"_comment": "Value"}
	],
	"boolStats":[
		{"key":  22,	"value":          0,	"_comment": "Inscribable"}
	],
	"floatStats":[
		{"key":  54,	"value": 1.00000000,	"_comment": "UseRadius"}
	],
	"didStats":[
		{"key":   1,	"value":   33554773,	"_comment": "Setup"},
		{"key":   3,	"value":  536870932,	"_comment": "SoundTable"},
		{"key":   8,	"value":  100668176,	"_comment": "Icon"},
		{"key":  22,	"value":  872415275,	"_comment": "PhysicsEffectTable"}
	],
	"pageDataList": {
		"maxNumPages":           1,
		"maxNumCharsPerPage": 1000,
		"pages": [
			{
				"authorID":        4294967295,
				"authorName": "Samsur Portal Directions",
				"authorAccount": "prewritten",
				"ignoreAuthor":             0,
				"pageText": "\nTo find the portal to Yaraq, follow the road southwest out of Samsur. The portal is on top of the bluffs on your right after the road bends for the third time.\n\n\nTo find the portal to Holtburg, follow the road northwest out of Samsur.\n\n"
			}
		]
	}
}