{
	"wcid": 1225,	"_comment": "Shoushi Grotto Directions(directionsshoushigrotto)",
	"weenieType": 8,	"_comment2": "Book",
	"stringStats":[
		{"key":   1,	"value": "Shoushi Grotto Directions",	"_comment": "Name"}
	],
	"intStats":[
		{"key":   9,	"value":          0,	"_comment": "ValidLocations = None_Loc"},
		{"key":   1,	"value":       8192,	"_comment": "ItemType = Type_Writable"},
		{"key":  93,	"value":       1044,	"_comment": "PhysicsState = Ethereal_PS, Ignore_Collisions_PS, Gravity_PS"},
		{"key":   5,	"value":         25,	"_comment": "EncumbranceVal"},
		{"key":  16,	"value":          8,	"_comment": "ItemUseable = Useable_Contained"},
		{"key":   8,	"value":          5,	"_comment": "Mass"},
		{"key":  19,	"value":          5,	"_comment": "Value"}
	],
	"boolStats":[
		{"key":  22,	"value":          0,	"_comment": "Inscribable"}
	],
	"floatStats":[
		{"key":  54,	"value": 1.00000000,	"_comment": "UseRadius"}
	],
	"didStats":[
		{"key":   1,	"value":   33554773,	"_comment": "Setup"},
		{"key":   3,	"value":  536870932,	"_comment": "SoundTable"},
		{"key":   8,	"value":  100675770,	"_comment": "Icon"},
		{"key":  22,	"value":  872415275,	"_comment": "PhysicsEffectTable"}
	],
	"pageDataList": {
		"maxNumPages":           1,
		"maxNumCharsPerPage": 1000,
		"pages": [
			{
				"authorID":        4294967295,
				"authorName": "Shoushi Grotto Directions",
				"authorAccount": "prewritten",
				"ignoreAuthor":             0,
				"pageText": "\nNot all dungeons in Dereth are hewn by mortal hands. On a hill due south of Shoushi is a portal that leads to caves, worn into the rock by the ages. Rumors say there are signs that the lost Empyrean race dwelled here once as well, for supposedly not all of the grotto is natural caves. And some claim to have found an unidentified key there in some sort of throne room. There's a lot of useless keys in Dereth, but there's a woman in Qalaba'r, name of Iquba, who knows the uses for a good many of them.\n"
			}
		]
	}
}