{
	"wcid": 12279,	"_comment": "Translated Singular Obsidian Note(notesingularobsidiantranslated)",
	"weenieType": 8,	"_comment2": "Book",
	"stringStats":[
		{"key":  16,	"value": "A note translated by Diyas al-Yat of Zaikhal.",	"_comment": "LongDesc"},
		{"key":   1,	"value": "Translated Singular Obsidian Note",	"_comment": "Name"},
		{"key":  14,	"value": "Use this item to read it.",	"_comment": "Use"},
		{"key":  15,	"value": "A note translated by Diyas al-Yat of Zaikhal.",	"_comment": "ShortDesc"}
	],
	"intStats":[
		{"key":   9,	"value":          0,	"_comment": "ValidLocations = None_Loc"},
		{"key":   1,	"value":       8192,	"_comment": "ItemType = Type_Writable"},
		{"key":  93,	"value":       1044,	"_comment": "PhysicsState = Ethereal_PS, Ignore_Collisions_PS, Gravity_PS"},
		{"key":   5,	"value":         10,	"_comment": "EncumbranceVal"},
		{"key":  16,	"value":          8,	"_comment": "ItemUseable = Useable_Contained"},
		{"key":   8,	"value":          5,	"_comment": "Mass"},
		{"key":  19,	"value":         10,	"_comment": "Value"}
	],
	"boolStats":[
		{"key":  22,	"value":          0,	"_comment": "Inscribable"}
	],
	"floatStats":[
		{"key":  39,	"value": 1.22000000,	"_comment": "DefaultScale"}
	],
	"didStats":[
		{"key":   1,	"value":   33554773,	"_comment": "Setup"},
		{"key":   3,	"value":  536870932,	"_comment": "SoundTable"},
		{"key":   8,	"value":  100668176,	"_comment": "Icon"},
		{"key":  22,	"value":  872415275,	"_comment": "PhysicsEffectTable"}
	],
	"pageDataList": {
		"maxNumPages":           1,
		"maxNumCharsPerPage": 1000,
		"pages": [
			{
				"authorID":        4294967295,
				"authorName": "",
				"authorAccount": "prewritten",
				"ignoreAuthor":             0,
				"pageText": "Colleague,\n\nA disaster has come to pass.  The fool Ecorto has broken from our unity, has defected to the humans and tells them of our plans and our installations around the island.  Be prepared for the humans to do their worst.  They are barbaric and crude and worthy only of destruction, but they are maddeningly persistent and clever.  Should our inferiors fail us, it remains to you to make sure that your own reserves of material remain inviolate.\n\n-- Speaker of the New Directive\n"
			}
		]
	}
}