{
	"wcid": 1229,	"_comment": "Yaraq Tunnels Directions(directionsyaraqtunnels)",
	"weenieType": 8,	"_comment2": "Book",
	"stringStats":[
		{"key":   1,	"value": "Yaraq Tunnels Directions",	"_comment": "Name"}
	],
	"intStats":[
		{"key":   9,	"value":          0,	"_comment": "ValidLocations = None_Loc"},
		{"key":   1,	"value":       8192,	"_comment": "ItemType = Type_Writable"},
		{"key":  93,	"value":       1044,	"_comment": "PhysicsState = Ethereal_PS, Ignore_Collisions_PS, Gravity_PS"},
		{"key":   5,	"value":         25,	"_comment": "EncumbranceVal"},
		{"key":  16,	"value":          8,	"_comment": "ItemUseable = Useable_Contained"},
		{"key":   8,	"value":          5,	"_comment": "Mass"},
		{"key":  19,	"value":          5,	"_comment": "Value"}
	],
	"boolStats":[
		{"key":  22,	"value":          0,	"_comment": "Inscribable"}
	],
	"floatStats":[
		{"key":  54,	"value": 1.00000000,	"_comment": "UseRadius"}
	],
	"didStats":[
		{"key":   1,	"value":   33554773,	"_comment": "Setup"},
		{"key":   3,	"value":  536870932,	"_comment": "SoundTable"},
		{"key":   8,	"value":  100675748,	"_comment": "Icon"},
		{"key":  22,	"value":  872415275,	"_comment": "PhysicsEffectTable"}
	],
	"pageDataList": {
		"maxNumPages":           1,
		"maxNumCharsPerPage": 1000,
		"pages": [
			{
				"authorID":        4294967295,
				"authorName": "Yaraq Tunnels Directions",
				"authorAccount": "prewritten",
				"ignoreAuthor":             0,
				"pageText": "The desert's shifting sands hold much that is hidden. Atop a mesa due south of Yaraq is a portal that leads to a mass of twisting tunnels beneath the earth. But beware -- human feet are not the only ones to walk these halls. Travelers say the furnishings there are sure signs the Empyrean were once a prosperous race, but today the only inhabitants are the monsters. There is also a rumor that a mysterious key of unknown use lies somewhere in these tunnels ... something about a small room deep down on the lowest level. The woman who told me about it was named Iquba, from Qalaba'r. But she smelled of red wine, so who knows how true the story is. \n"
			}
		]
	}
}