{
	"wcid": 12682,	"_comment": "A Near Illegible Note(notemenacet)",
	"weenieType": 8,	"_comment2": "Book",
	"stringStats":[
		{"key":   1,	"value": "A Near Illegible Note",	"_comment": "Name"},
		{"key":  33,	"value": "MenacetsNote",	"_comment": "Quest"},
		{"key":  37,	"value": "KilledMenacet",	"_comment": "QuestRestriction"},
		{"key":  15,	"value": "A hastily scribbled note lies here.  You can barely make out the details of the writing.",	"_comment": "ShortDesc"}
	],
	"intStats":[
		{"key":  33,	"value":          1,	"_comment": "Bonded = Bonded_BondedStatus"},
		{"key":   9,	"value":          0,	"_comment": "ValidLocations = None_Loc"},
		{"key":   1,	"value":       8192,	"_comment": "ItemType = Type_Writable"},
		{"key":  93,	"value":       1044,	"_comment": "PhysicsState = Ethereal_PS, Ignore_Collisions_PS, Gravity_PS"},
		{"key":   5,	"value":          5,	"_comment": "EncumbranceVal"},
		{"key":  16,	"value":          8,	"_comment": "ItemUseable = Useable_Contained"},
		{"key":   8,	"value":          5,	"_comment": "Mass"},
		{"key":  19,	"value":          0,	"_comment": "Value"},
		{"key": 114,	"value":          1,	"_comment": "Attuned = Attuned_AttunedStatus"}
	],
	"boolStats":[
		{"key":   1,	"value":          0,	"_comment": "Stuck"},
		{"key":  22,	"value":          0,	"_comment": "Inscribable"}
	],
	"floatStats":[
		{"key":  54,	"value": 1.00000000,	"_comment": "UseRadius"}
	],
	"didStats":[
		{"key":   1,	"value":   33554773,	"_comment": "Setup"},
		{"key":   3,	"value":  536870932,	"_comment": "SoundTable"},
		{"key":   8,	"value":  100668176,	"_comment": "Icon"},
		{"key":  22,	"value":  872415275,	"_comment": "PhysicsEffectTable"}
	],
	"emoteTable": [
		{
			"key":    9,
			"value": [
				{
					"category":           9,	"_comment": "onGeneration",
					"probability":   1.0000,
					"emotes": [
						{
							"type":           17,	"_comment": "textLocalBroadcast",
							"delay":      0.0000,
							"extent":     0.0000,
							"msg":        "You see a piece of white paper lying on the ground."
						}
					]
				}
			]
		}
	],
	"pageDataList": {
		"maxNumPages":           2,
		"maxNumCharsPerPage": 1000,
		"pages": [
			{
				"authorID":        4294967295,
				"authorName": "",
				"authorAccount": "prewritten",
				"ignoreAuthor":             0,
				"pageText": "Master,\nThe day is won. We have destroyed six of the nine. Soon, master, soon, they will all fall. I hate the fleshy things so much, master. It hurts. I see their glows, their bright and shiny glows, and I hate the glows. I love it when I break through the glows and their flesh, master. I am not the hollow one, they are. Nothing but flimsy flesh and liquid inside. Empty. I have hate that fills me up. I am not hollow. There are so many of them and I hate them.\n"
			},
			{
				"authorID":        4294967295,
				"authorName": "",
				"authorAccount": "prewritten",
				"ignoreAuthor":             0,
				"pageText": "When we break them, when we break them completely and utterly, I will keep a few around, just to play with. But just a few. I couldn't stand the sight of more than a few. The second stage will be soon, Master. I will not fail.\n"
			}
		]
	}
}