{
	"wcid": 12763,	"_comment": "Inuo-Kon Kou's Book(bookplaygroundholtburg)",
	"weenieType": 8,	"_comment2": "Book",
	"stringStats":[
		{"key":  16,	"value": "Inuo-Kon Kou's thin and worn book on magical lights.",	"_comment": "LongDesc"},
		{"key":   1,	"value": "Inuo-Kon Kou's Book",	"_comment": "Name"},
		{"key":  33,	"value": "BookKouQuest",	"_comment": "Quest"},
		{"key":  15,	"value": "Inuo-Kon Kou's book on magical lights.",	"_comment": "ShortDesc"}
	],
	"intStats":[
		{"key":  33,	"value":          1,	"_comment": "Bonded = Bonded_BondedStatus"},
		{"key":   9,	"value":          0,	"_comment": "ValidLocations = None_Loc"},
		{"key":   1,	"value":       8192,	"_comment": "ItemType = Type_Writable"},
		{"key":  93,	"value":       1044,	"_comment": "PhysicsState = Ethereal_PS, Ignore_Collisions_PS, Gravity_PS"},
		{"key":   5,	"value":          5,	"_comment": "EncumbranceVal"},
		{"key":  16,	"value":          8,	"_comment": "ItemUseable = Useable_Contained"},
		{"key":   8,	"value":          5,	"_comment": "Mass"},
		{"key":  19,	"value":         15,	"_comment": "Value"},
		{"key": 114,	"value":          1,	"_comment": "Attuned = Attuned_AttunedStatus"}
	],
	"boolStats":[
		{"key":  22,	"value":          0,	"_comment": "Inscribable"},
		{"key":  23,	"value":          1,	"_comment": "DestroyOnSell"}
	],
	"floatStats":[
		{"key":  39,	"value": 1.22000000,	"_comment": "DefaultScale"},
		{"key":  54,	"value": 0.30000000,	"_comment": "UseRadius"}
	],
	"didStats":[
		{"key":   1,	"value":   33554772,	"_comment": "Setup"},
		{"key":   3,	"value":  536870932,	"_comment": "SoundTable"},
		{"key":   8,	"value":  100667470,	"_comment": "Icon"},
		{"key":  22,	"value":  872415275,	"_comment": "PhysicsEffectTable"}
	],
	"pageDataList": {
		"maxNumPages":           1,
		"maxNumCharsPerPage": 1000,
		"pages": [
			{
				"authorID":        4294967295,
				"authorName": "Magical Lights",
				"authorAccount": "prewritten",
				"ignoreAuthor":             0,
				"pageText": "\nMany Empyrean lights seem to require no maintenance.  Most look like normal orange flame-based light.  They can be found in dungeons throughout Dereth, as reported by explorer Alatar Locke.  But lately reports have come in of fire that is blue or green.  Another topic entirely is magical glows that have no fire as a source...\n"
			}
		]
	}
}