{
	"wcid": 12761,	"_comment": "Combat and Spellcasting Guide(bookcombatacademy)",
	"weenieType": 8,	"_comment2": "Book",
	"stringStats":[
		{"key":  16,	"value": "A guide to Combat and Spellcasting. ",	"_comment": "LongDesc"},
		{"key":   1,	"value": "Combat and Spellcasting Guide",	"_comment": "Name"},
		{"key":  15,	"value": "A guide to Combat and Spellcasting. ",	"_comment": "ShortDesc"}
	],
	"intStats":[
		{"key":   9,	"value":          0,	"_comment": "ValidLocations = None_Loc"},
		{"key":   1,	"value":       8192,	"_comment": "ItemType = Type_Writable"},
		{"key":  93,	"value":       1044,	"_comment": "PhysicsState = Ethereal_PS, Ignore_Collisions_PS, Gravity_PS"},
		{"key":   5,	"value":         15,	"_comment": "EncumbranceVal"},
		{"key":  16,	"value":          8,	"_comment": "ItemUseable = Useable_Contained"},
		{"key":   8,	"value":          5,	"_comment": "Mass"},
		{"key":  19,	"value":          0,	"_comment": "Value"}
	],
	"boolStats":[
		{"key":  22,	"value":          0,	"_comment": "Inscribable"},
		{"key":  23,	"value":          1,	"_comment": "DestroyOnSell"}
	],
	"floatStats":[
		{"key":  39,	"value": 1.22000000,	"_comment": "DefaultScale"},
		{"key":  54,	"value": 0.30000000,	"_comment": "UseRadius"}
	],
	"didStats":[
		{"key":   1,	"value":   33554771,	"_comment": "Setup"},
		{"key":   3,	"value":  536870932,	"_comment": "SoundTable"},
		{"key":   8,	"value":  100668117,	"_comment": "Icon"},
		{"key":  22,	"value":  872415275,	"_comment": "PhysicsEffectTable"}
	],
	"pageDataList": {
		"maxNumPages":           5,
		"maxNumCharsPerPage": 1000,
		"pages": [
			{
				"authorID":        4294967295,
				"authorName": "Training Master",
				"authorAccount": "prewritten",
				"ignoreAuthor":             0,
				"pageText": "COMBAT\n\nDereth can be a dangerous place--you must learn to defend yourself!\n\nFirst, prepare for battle. Click on the backpack icon to open your Inventory Panel. Drag a weapon from your inventory to the weapon slot, marked with an axe. You can also drag ammunition to the ammo slot, marked with arrows.\n\nClick on the dove icon to enter Combat Mode, which will display the Combat  Bar.\n\n(Click on the green arrow to read more!)\n"
			},
			{
				"authorID":        4294967295,
				"authorName": "Training Master",
				"authorAccount": "prewritten",
				"ignoreAuthor":             0,
				"pageText": "Select a target by clicking on it or its dot on the compass.\n\nFinally, click on the attack height to begin your attack. To hit low targets, you must hit low. To hit hovering targets, you must attack high.\n\nThe three bars at the top of the screen show your Health, Stamina, and Mana. \n\nIf you run out of stamina, your attacks will be weak. If you run out of health, you will \ndie!\n\n(Click on the green arrow to read more!)\n"
			},
			{
				"authorID":        4294967295,
				"authorName": "Training Master",
				"authorAccount": "prewritten",
				"ignoreAuthor":             0,
				"pageText": "Your target's health is displayed below its name in the bottom-right corner of the screen. When your target runs out of health, it will die. Double-click on its corpse to check for loot!\n\n\nSPELLCASTING\n\nIf you are trained in any form of magic, you must know how to cast spells.\n\nTo see what spells you have, click the wand icon to open your spellbook.\n\n(Click on the green arrow to read more!)\n"
			},
			{
				"authorID":        4294967295,
				"authorName": "Training Master",
				"authorAccount": "prewritten",
				"ignoreAuthor":             0,
				"pageText": "To see what a spell does, appraise it with the magnifying glass, or right-click on it.\n\nTo cast a spell, go to the Inventory Panel and drag your wand to the weapons slot.\n\nClick the dove icon to display the Spellcasting Bar.\n\nSelect a spell from the Spellcasting Bar, select your target, then click the Cast button. Also, try casting spells on yourself!\n\n(Click on the green arrow to read more!)\n"
			},
			{
				"authorID":        4294967295,
				"authorName": "Training Master",
				"authorAccount": "prewritten",
				"ignoreAuthor":             0,
				"pageText": "Watch the blue mana bar at the top of the screen. If it runs out, you can't cast spells.\n\nCasting spells requires components--scarabs, herbs, and other objects. If these components are consumed through spellcasting, you can buy new ones in town.\n\nNow those are the basics of combat and spellcasting -- go out and give it a try!\n"
			}
		]
	}
}