{
	"wcid": 12766,	"_comment": "Guide to Raising Skills and Attributes(bookskillattributeraisingacademy)",
	"weenieType": 8,	"_comment2": "Book",
	"stringStats":[
		{"key":   1,	"value": "Guide to Raising Skills and Attributes",	"_comment": "Name"}
	],
	"intStats":[
		{"key":  33,	"value":          1,	"_comment": "Bonded = Bonded_BondedStatus"},
		{"key":   9,	"value":          0,	"_comment": "ValidLocations = None_Loc"},
		{"key":   1,	"value":       8192,	"_comment": "ItemType = Type_Writable"},
		{"key":  93,	"value":       1044,	"_comment": "PhysicsState = Ethereal_PS, Ignore_Collisions_PS, Gravity_PS"},
		{"key":   5,	"value":          5,	"_comment": "EncumbranceVal"},
		{"key":  16,	"value":          8,	"_comment": "ItemUseable = Useable_Contained"},
		{"key":   8,	"value":          5,	"_comment": "Mass"},
		{"key":  19,	"value":          0,	"_comment": "Value"},
		{"key": 114,	"value":          0,	"_comment": "Attuned = Normal_AttunedStatus"}
	],
	"boolStats":[
		{"key":  22,	"value":          0,	"_comment": "Inscribable"},
		{"key":  23,	"value":          1,	"_comment": "DestroyOnSell"}
	],
	"floatStats":[
		{"key":  39,	"value": 1.22000000,	"_comment": "DefaultScale"},
		{"key":  54,	"value": 0.30000000,	"_comment": "UseRadius"}
	],
	"didStats":[
		{"key":   1,	"value":   33554771,	"_comment": "Setup"},
		{"key":   3,	"value":  536870932,	"_comment": "SoundTable"},
		{"key":   8,	"value":  100668117,	"_comment": "Icon"},
		{"key":  22,	"value":  872415275,	"_comment": "PhysicsEffectTable"}
	],
	"pageDataList": {
		"maxNumPages":           2,
		"maxNumCharsPerPage": 1000,
		"pages": [
			{
				"authorID":        4294967295,
				"authorName": "Training Master",
				"authorAccount": "prewritten",
				"ignoreAuthor":             0,
				"pageText": "When you gain in experience, you can raise your Attributes and Skills to modify your character. Look under your Inventory for a green button with an icon of a flexed arm, and click on it. This will bring up your Attributes and Skills panel.\n\nClick on the Attribute you would like to raise. If you have enough experience to raise that attribute, a green \"Raise\" button will appear in the lower-right corner of your Attributes and Skills Panel.\n\n(Click on the green arrow to read more!)\n"
			},
			{
				"authorID":        4294967295,
				"authorName": "Training Master",
				"authorAccount": "prewritten",
				"ignoreAuthor":             0,
				"pageText": "Click on the \"Raise\" Button to raise the Attribute you selected. \n\nYou can also raise your Skills the same way. Click on the Skills tab to see your skills.\n\nWhen you gain in level, you can earn skill credits. You can use these skill credits to train in skills you do not have yet.\n"
			}
		]
	}
}