{
	"wcid": 12762,	"_comment": "Guide to Healing(bookhealingacademy)",
	"weenieType": 8,	"_comment2": "Book",
	"stringStats":[
		{"key":   1,	"value": "Guide to Healing",	"_comment": "Name"},
		{"key":  15,	"value": "A guide to regaining Health, Stamina, and Mana.",	"_comment": "ShortDesc"}
	],
	"intStats":[
		{"key":   9,	"value":          0,	"_comment": "ValidLocations = None_Loc"},
		{"key":   1,	"value":       8192,	"_comment": "ItemType = Type_Writable"},
		{"key":  93,	"value":       1044,	"_comment": "PhysicsState = Ethereal_PS, Ignore_Collisions_PS, Gravity_PS"},
		{"key":   5,	"value":          5,	"_comment": "EncumbranceVal"},
		{"key":  16,	"value":          8,	"_comment": "ItemUseable = Useable_Contained"},
		{"key":   8,	"value":          5,	"_comment": "Mass"},
		{"key":  19,	"value":          0,	"_comment": "Value"}
	],
	"boolStats":[
		{"key":  22,	"value":          0,	"_comment": "Inscribable"},
		{"key":  23,	"value":          1,	"_comment": "DestroyOnSell"}
	],
	"floatStats":[
		{"key":  39,	"value": 1.22000000,	"_comment": "DefaultScale"},
		{"key":  54,	"value": 0.30000000,	"_comment": "UseRadius"}
	],
	"didStats":[
		{"key":   1,	"value":   33554771,	"_comment": "Setup"},
		{"key":   3,	"value":  536870932,	"_comment": "SoundTable"},
		{"key":   8,	"value":  100668117,	"_comment": "Icon"},
		{"key":  22,	"value":  872415275,	"_comment": "PhysicsEffectTable"}
	],
	"pageDataList": {
		"maxNumPages":           6,
		"maxNumCharsPerPage": 1000,
		"pages": [
			{
				"authorID":        4294967295,
				"authorName": "Training Master",
				"authorAccount": "prewritten",
				"ignoreAuthor":             0,
				"pageText": "GUIDE TO HEALING\n\nThe three bars at the top of the screen show your Health, Stamina, and Mana (magical energy).\n\nIf you run out of Stamina, your attacks will be weak. If you run out of Mana, you will not be able to cast spells. If you run out of Health, you will die!\n\nAll three will replenish themselves in time, but there are ways to make this process faster.\n\n(Click the green button to read more.)\n"
			},
			{
				"authorID":        4294967295,
				"authorName": "Training Master",
				"authorAccount": "prewritten",
				"ignoreAuthor":             0,
				"pageText": "Regaining Health\n\nThose with the Healing Skill can use healing kits to regain health points. Double-click on the healing kit, then select the injured person.\n\nTip: Drag your healing kit's icon to the row of slots at the bottom of your screen to create a short cut.\n\nAlternatively, you can use health potions to regain health. Double-click on these potions to use them.\n\n(Click on the green button to read more.)\n"
			},
			{
				"authorID":        4294967295,
				"authorName": "Training Master",
				"authorAccount": "prewritten",
				"ignoreAuthor":             0,
				"pageText": "Regaining Stamina\n\nThere are many foods as well as stamina potions in Dereth that you may consume in order to regain stamina.  Double-click on them to use them.  If you run out of both, you can also lie down in a safe place--your stamina will return as you rest.\n\nRegaining Mana\n\nThese are also some foods that will help you regain mana. The most easily available way to replenish your mana is to use mana potions.\n\n(Click on the green button to read more.)\n"
			},
			{
				"authorID":        4294967295,
				"authorName": "Training Master",
				"authorAccount": "prewritten",
				"ignoreAuthor":             0,
				"pageText": "Death and Resurrection\n\nCharacters die when their Health points reach zero.\n\nYour character will be resurrected immediately at the last lifestone you used or at the last location where  you started the game, but will leave behind one or more items and half the pyreals in your Inventory. The number of Items lost depends on your character's level. Higher-level characters lose more items than lower-level characters. Player killers lose more than nonplayer killers.\n\n(Click on the green button to read more.)\n"
			},
			{
				"authorID":        4294967295,
				"authorName": "Training Master",
				"authorAccount": "prewritten",
				"ignoreAuthor":             0,
				"pageText": "Your corpse will remain where you died for a short time, making it possible for you or others to retrieve your lost items.\n\nVitae\n\nWhen your character dies and is resurrected, your Vitae (lifeforce) is temporarily drained, reducing your secondary attributes (Health, Stamina, and Mana) and skills. As you earn more experience, your Vitae will be restored gradually. While your Vitae is reduced, you will see a yellow and red starburst in the upper-right corner of the game screen.\n\n(Click on the green button to read more.)\n"
			},
			{
				"authorID":        4294967295,
				"authorName": "Training Master",
				"authorAccount": "prewritten",
				"ignoreAuthor":             0,
				"pageText": "Corpse Recovery\n\nTo find your corpse, type \"@corpse\". Your corpse's location will appear in the chat window.\n"
			}
		]
	}
}