{
	"wcid": 13224,	"_comment": "A Frozen Note(notesnowman)",
	"weenieType": 8,	"_comment2": "Book",
	"stringStats":[
		{"key":  16,	"value": "A frozen piece of parchment with instructions on how to build a snowman",	"_comment": "LongDesc"},
		{"key":   1,	"value": "A Frozen Note",	"_comment": "Name"},
		{"key":  15,	"value": "A frozen piece of parchment with some instuctions on it.",	"_comment": "ShortDesc"}
	],
	"intStats":[
		{"key":   9,	"value":          0,	"_comment": "ValidLocations = None_Loc"},
		{"key":   1,	"value":       8192,	"_comment": "ItemType = Type_Writable"},
		{"key":  93,	"value":       1044,	"_comment": "PhysicsState = Ethereal_PS, Ignore_Collisions_PS, Gravity_PS"},
		{"key":   5,	"value":         25,	"_comment": "EncumbranceVal"},
		{"key":  16,	"value":          8,	"_comment": "ItemUseable = Useable_Contained"},
		{"key":   8,	"value":          5,	"_comment": "Mass"},
		{"key":  19,	"value":         10,	"_comment": "Value"}
	],
	"boolStats":[
		{"key":  22,	"value":          0,	"_comment": "Inscribable"}
	],
	"floatStats":[
		{"key":  54,	"value": 1.00000000,	"_comment": "UseRadius"}
	],
	"didStats":[
		{"key":   1,	"value":   33554773,	"_comment": "Setup"},
		{"key":   3,	"value":  536870932,	"_comment": "SoundTable"},
		{"key":   8,	"value":  100672432,	"_comment": "Icon"},
		{"key":  22,	"value":  872415275,	"_comment": "PhysicsEffectTable"}
	],
	"pageDataList": {
		"maxNumPages":           1,
		"maxNumCharsPerPage": 1000,
		"pages": [
			{
				"authorID":        4294967295,
				"authorName": "The Jolly Snowman",
				"authorAccount": "prewritten",
				"ignoreAuthor":             0,
				"pageText": "Sculpting a Snowman\n   You too can create a snow sculpture and you don't need any fancy skills to do it. All you need are the ingredients and a good place to show off your sculpture.\n   Collect the following: 1 Magic Iceball, 2 Poofy Snowballs, a Strange Stick and a Carrot.\n   Smoosh the Magic Iceball onto a Poofy Snowball to get a snowman torso which you combine with the other Poofy Snowball to get a basic snowman body. Add your Strange Stick for arms and then your Carrot for the nose and you should have a handsome Snowman to show your friends.\n"
			}
		]
	}
}