{
	"wcid": 13238,	"_comment": "Official Warning(reportacademy)",
	"weenieType": 8,	"_comment2": "Book",
	"stringStats":[
		{"key":   1,	"value": "Official Warning",	"_comment": "Name"}
	],
	"intStats":[
		{"key":  33,	"value":          1,	"_comment": "Bonded = Bonded_BondedStatus"},
		{"key":   9,	"value":          0,	"_comment": "ValidLocations = None_Loc"},
		{"key":   1,	"value":       8192,	"_comment": "ItemType = Type_Writable"},
		{"key":  93,	"value":       1044,	"_comment": "PhysicsState = Ethereal_PS, Ignore_Collisions_PS, Gravity_PS"},
		{"key":   5,	"value":         25,	"_comment": "EncumbranceVal"},
		{"key":  16,	"value":          8,	"_comment": "ItemUseable = Useable_Contained"},
		{"key":   8,	"value":          5,	"_comment": "Mass"},
		{"key":  19,	"value":          5,	"_comment": "Value"}
	],
	"boolStats":[
		{"key":  22,	"value":          0,	"_comment": "Inscribable"}
	],
	"floatStats":[
		{"key":  54,	"value": 1.00000000,	"_comment": "UseRadius"}
	],
	"didStats":[
		{"key":   1,	"value":   33554773,	"_comment": "Setup"},
		{"key":   3,	"value":  536870932,	"_comment": "SoundTable"},
		{"key":   8,	"value":  100672451,	"_comment": "Icon"},
		{"key":  22,	"value":  872415275,	"_comment": "PhysicsEffectTable"}
	],
	"pageDataList": {
		"maxNumPages":           1,
		"maxNumCharsPerPage": 1000,
		"pages": [
			{
				"authorID":        4294967295,
				"authorName": "Strathelar Guard",
				"authorAccount": "prewritten",
				"ignoreAuthor":             0,
				"pageText": "The Arcanum has discovered portal disturbances near the 18 arrival points. In response, our Queen has sent her Guards to fortify the Academy outposts of Holtburg, Shoushi, and Yaraq. Also, she has charged the Arcanum to graft the levitation magic found in the Empyrean storehouses in Xarabydun onto freshly-carved Obelisks.\n\nIt is hoped that the presence of these markers around the safest perimeters of these towns will stabilize the shifting portal space in these areas; however, new arrivals should take care to remain within these boundaries until they gain enough experience to brave the harsher wilds of Dereth.\n"
			}
		]
	}
}