{
	"wcid": 13237,	"_comment": "Orders to the Guard(ordersacademy)",
	"weenieType": 8,	"_comment2": "Book",
	"stringStats":[
		{"key":   1,	"value": "Orders to the Guard",	"_comment": "Name"}
	],
	"intStats":[
		{"key":  33,	"value":          1,	"_comment": "Bonded = Bonded_BondedStatus"},
		{"key":   9,	"value":          0,	"_comment": "ValidLocations = None_Loc"},
		{"key":   1,	"value":       8192,	"_comment": "ItemType = Type_Writable"},
		{"key":  93,	"value":       1044,	"_comment": "PhysicsState = Ethereal_PS, Ignore_Collisions_PS, Gravity_PS"},
		{"key":   5,	"value":         25,	"_comment": "EncumbranceVal"},
		{"key":  16,	"value":          8,	"_comment": "ItemUseable = Useable_Contained"},
		{"key":   8,	"value":          5,	"_comment": "Mass"},
		{"key":  19,	"value":          0,	"_comment": "Value"}
	],
	"boolStats":[
		{"key":  22,	"value":          0,	"_comment": "Inscribable"}
	],
	"floatStats":[
		{"key":  54,	"value": 1.00000000,	"_comment": "UseRadius"}
	],
	"didStats":[
		{"key":   1,	"value":   33554773,	"_comment": "Setup"},
		{"key":   3,	"value":  536870932,	"_comment": "SoundTable"},
		{"key":   8,	"value":  100672451,	"_comment": "Icon"},
		{"key":  22,	"value":  872415275,	"_comment": "PhysicsEffectTable"}
	],
	"pageDataList": {
		"maxNumPages":           1,
		"maxNumCharsPerPage": 1000,
		"pages": [
			{
				"authorID":        4294967295,
				"authorName": "",
				"authorAccount": "prewritten",
				"ignoreAuthor":             0,
				"pageText": "There have recently been strange portal disturbances near the nine Nexus Towns. Sages are still uncertain of their origin, for the magic bears a quality never encountere until now. We must do what we can to protect the most vulnerable among us, those who have just arrived and lack knowledge and protection in this world. I am tasking you to train these new arrivals. Give them the skills they need to survive here, for as long as the danger endures. Once stability returns to the Nexus Towns, I will recall you to rejoin your colleagues. \n(Sealed with the Sigil of Elysa Strathelar, High Queen of Aluvia)\n"
			}
		]
	}
}