{
	"wcid": 1353,	"_comment": "Zalphoos Guidebook(zalphoosguidebook)",
	"weenieType": 8,	"_comment2": "Book",
	"stringStats":[
		{"key":   1,	"value": "Zalphoos Guidebook",	"_comment": "Name"}
	],
	"intStats":[
		{"key":   9,	"value":          0,	"_comment": "ValidLocations = None_Loc"},
		{"key":   1,	"value":       8192,	"_comment": "ItemType = Type_Writable"},
		{"key":  93,	"value":       1044,	"_comment": "PhysicsState = Ethereal_PS, Ignore_Collisions_PS, Gravity_PS"},
		{"key":   5,	"value":       1000,	"_comment": "EncumbranceVal"},
		{"key":  16,	"value":          8,	"_comment": "ItemUseable = Useable_Contained"},
		{"key":   8,	"value":        500,	"_comment": "Mass"},
		{"key":  19,	"value":        300,	"_comment": "Value"}
	],
	"boolStats":[
		{"key":  22,	"value":          0,	"_comment": "Inscribable"}
	],
	"floatStats":[
		{"key":  39,	"value": 1.22000000,	"_comment": "DefaultScale"},
		{"key":  54,	"value": 0.30000000,	"_comment": "UseRadius"}
	],
	"didStats":[
		{"key":   1,	"value":   33554771,	"_comment": "Setup"},
		{"key":   3,	"value":  536870932,	"_comment": "SoundTable"},
		{"key":   8,	"value":  100668117,	"_comment": "Icon"},
		{"key":  22,	"value":  872415275,	"_comment": "PhysicsEffectTable"}
	],
	"pageDataList": {
		"maxNumPages":           2,
		"maxNumCharsPerPage": 1000,
		"pages": [
			{
				"authorID":        4294967295,
				"authorName": "",
				"authorAccount": "prewritten",
				"ignoreAuthor":             0,
				"pageText": "Zalphoos Guidebook\n\nThe northernmost mountain is Zabool, and I myself live on the next one down, Mount Alphus. West of my Mount Alphus is the Alphus Valley, beyond which, on the low point of the ridge, is some kind of underground ruin which I named Alferd or Alpheth or something I've forgotten; I've got a special key for it.\n  \n(more)\n"
			},
			{
				"authorID":        4294967295,
				"authorName": "",
				"authorAccount": "prewritten",
				"ignoreAuthor":             0,
				"pageText": "\nTo the south is Mount Bellig. There's no travel portal directly linking Alphus to Bellig, but I do know there's some way up to Bellig's top. Now, to Bellig's south is Mount Gemm; further south is Mount Dalt, and last is Mount Syliph. I even heard there's some kind of nasty place out east of Mount Syliph, in the Syliph Plain.\n"
			}
		]
	}
}