{
	"wcid": 1401,	"_comment": "Yanshi Tunnel Directions(directionsyanshitunnel)",
	"weenieType": 8,	"_comment2": "Book",
	"stringStats":[
		{"key":   1,	"value": "Yanshi Tunnel Directions",	"_comment": "Name"}
	],
	"intStats":[
		{"key":   9,	"value":          0,	"_comment": "ValidLocations = None_Loc"},
		{"key":   1,	"value":       8192,	"_comment": "ItemType = Type_Writable"},
		{"key":  93,	"value":       1044,	"_comment": "PhysicsState = Ethereal_PS, Ignore_Collisions_PS, Gravity_PS"},
		{"key":   5,	"value":         25,	"_comment": "EncumbranceVal"},
		{"key":  16,	"value":          8,	"_comment": "ItemUseable = Useable_Contained"},
		{"key":   8,	"value":          5,	"_comment": "Mass"},
		{"key":  19,	"value":          5,	"_comment": "Value"}
	],
	"boolStats":[
		{"key":  22,	"value":          0,	"_comment": "Inscribable"}
	],
	"floatStats":[
		{"key":  54,	"value": 1.00000000,	"_comment": "UseRadius"}
	],
	"didStats":[
		{"key":   1,	"value":   33554773,	"_comment": "Setup"},
		{"key":   3,	"value":  536870932,	"_comment": "SoundTable"},
		{"key":   8,	"value":  100668176,	"_comment": "Icon"},
		{"key":  22,	"value":  872415275,	"_comment": "PhysicsEffectTable"}
	],
	"pageDataList": {
		"maxNumPages":           1,
		"maxNumCharsPerPage": 1000,
		"pages": [
			{
				"authorID":        4294967295,
				"authorName": "Yanshi Tunnel Directions",
				"authorAccount": "prewritten",
				"ignoreAuthor":             0,
				"pageText": "\nNorthwest of the center of the old, ruined town of Yanshi, almost within sight, is a dungeon we call the Yanshi Tunnel. A group of people once sought to live in it years ago. Alas, the monsters seemed to want it more, and the people who didn't flee are now long dead. These days you won't find much there but nasty creatures, but perhaps you're looking for that sort of thing.  Oh, and you might find a plain but mysterious key down there -- a woman named Iquba, visiting from Qalaba'r, claims to have found such a thing. It didn't work on any of the doors in the dungeon, but surely it must have a use somewhere in this world!\n"
			}
		]
	}
}