{
	"wcid": 1402,	"_comment": "Rithwic Crypt Directions(directionsrithwiccrypt)",
	"weenieType": 8,	"_comment2": "Book",
	"stringStats":[
		{"key":   1,	"value": "Rithwic Crypt Directions",	"_comment": "Name"}
	],
	"intStats":[
		{"key":   9,	"value":          0,	"_comment": "ValidLocations = None_Loc"},
		{"key":   1,	"value":       8192,	"_comment": "ItemType = Type_Writable"},
		{"key":  93,	"value":       1044,	"_comment": "PhysicsState = Ethereal_PS, Ignore_Collisions_PS, Gravity_PS"},
		{"key":   5,	"value":         25,	"_comment": "EncumbranceVal"},
		{"key":  16,	"value":          8,	"_comment": "ItemUseable = Useable_Contained"},
		{"key":   8,	"value":          5,	"_comment": "Mass"},
		{"key":  19,	"value":          5,	"_comment": "Value"}
	],
	"boolStats":[
		{"key":  22,	"value":          0,	"_comment": "Inscribable"}
	],
	"floatStats":[
		{"key":  54,	"value": 1.00000000,	"_comment": "UseRadius"}
	],
	"didStats":[
		{"key":   1,	"value":   33554773,	"_comment": "Setup"},
		{"key":   3,	"value":  536870932,	"_comment": "SoundTable"},
		{"key":   8,	"value":  100668176,	"_comment": "Icon"},
		{"key":  22,	"value":  872415275,	"_comment": "PhysicsEffectTable"}
	],
	"pageDataList": {
		"maxNumPages":           1,
		"maxNumCharsPerPage": 1000,
		"pages": [
			{
				"authorID":        4294967295,
				"authorName": "Rithwic Crypt Directions",
				"authorAccount": "prewritten",
				"ignoreAuthor":             0,
				"pageText": "\nFollow the line of menhir stones directly north from the Rithwic bridge, and you'll come to a circle of standing stones -- and right there is one of those portals! This portal won't take you to a safe town or anything. No, this one will take you to a nasty underground crypt full of monsters. Outsiders call it \"Rithwic Crypt\", but we just call it unpleasant. I've heard that deep inside that crypt you might find a mysterious key. There's outlandish rumors about that key and just what it might be good for, but I can't tell you anything more about it. No one who lives around here really knows what it's for, but I've heard that Iquba, the barkeep in Qalaba'r, might know more.\n"
			}
		]
	}
}