{
	"wcid": 1428,	"_comment": "Letter from Alatar(tomelostlight)",
	"weenieType": 8,	"_comment2": "Book",
	"stringStats":[
		{"key":   1,	"value": "Letter from Alatar",	"_comment": "Name"}
	],
	"intStats":[
		{"key":   9,	"value":          0,	"_comment": "ValidLocations = None_Loc"},
		{"key":   1,	"value":       8192,	"_comment": "ItemType = Type_Writable"},
		{"key":  93,	"value":       1044,	"_comment": "PhysicsState = Ethereal_PS, Ignore_Collisions_PS, Gravity_PS"},
		{"key":   5,	"value":         25,	"_comment": "EncumbranceVal"},
		{"key":  16,	"value":         48,	"_comment": "ItemUseable = Useable_Viewed_Remote"},
		{"key":   8,	"value":          5,	"_comment": "Mass"},
		{"key":  19,	"value":        100,	"_comment": "Value"}
	],
	"boolStats":[
		{"key":   1,	"value":          1,	"_comment": "Stuck"},
		{"key":  22,	"value":          0,	"_comment": "Inscribable"}
	],
	"floatStats":[
		{"key":  54,	"value": 1.00000000,	"_comment": "UseRadius"}
	],
	"didStats":[
		{"key":   1,	"value":   33554773,	"_comment": "Setup"},
		{"key":   3,	"value":  536870932,	"_comment": "SoundTable"},
		{"key":   8,	"value":  100668176,	"_comment": "Icon"},
		{"key":  22,	"value":  872415275,	"_comment": "PhysicsEffectTable"}
	],
	"pageDataList": {
		"maxNumPages":           2,
		"maxNumCharsPerPage": 1000,
		"pages": [
			{
				"authorID":        4294967295,
				"authorName": "",
				"authorAccount": "prewritten",
				"ignoreAuthor":             0,
				"pageText": "Letter from Alatar\n\nI leave these notes for future adventurers to find.  I, Alatar Locke, have been here, after many long journeys.  In my studies of this place, I have come to the conclusion that long ago, these halls witnessed a long and sad struggle against darkness; hence, I name this sad and forsaken place The Halls of Lost Light.\n\n(more)\n"
			},
			{
				"authorID":        4294967295,
				"authorName": "",
				"authorAccount": "prewritten",
				"ignoreAuthor":             0,
				"pageText": "These very halls are where some desperate group tried to hide their most valuable weapon, a particular sword of great properties.  But the group perished, and their corpses became enchanted by evil magic (or so I surmise).  May their souls rest in peace!  In the meantime, should you reach the end of these now-cursed halls, make sure that you are well prepared to meet a terrible challenge!\n"
			}
		]
	}
}