{
	"wcid": 14439,	"_comment": "Sir Rylanan's Letter to Sir Tenshin(letterregicidetenshin1)",
	"weenieType": 8,	"_comment2": "Book",
	"stringStats":[
		{"key":   1,	"value": "Sir Rylanan's Letter to Sir Tenshin",	"_comment": "Name"},
		{"key":  15,	"value": "A letter from Sir Rylanan to Sir Tenshin, in Shoushi.",	"_comment": "ShortDesc"}
	],
	"intStats":[
		{"key":  33,	"value":          1,	"_comment": "Bonded = Bonded_BondedStatus"},
		{"key":   9,	"value":          0,	"_comment": "ValidLocations = None_Loc"},
		{"key":   1,	"value":       8192,	"_comment": "ItemType = Type_Writable"},
		{"key":  93,	"value":       1044,	"_comment": "PhysicsState = Ethereal_PS, Ignore_Collisions_PS, Gravity_PS"},
		{"key":   5,	"value":          5,	"_comment": "EncumbranceVal"},
		{"key":  16,	"value":          8,	"_comment": "ItemUseable = Useable_Contained"},
		{"key":   8,	"value":          5,	"_comment": "Mass"},
		{"key":  19,	"value":          0,	"_comment": "Value"},
		{"key": 114,	"value":          1,	"_comment": "Attuned = Attuned_AttunedStatus"}
	],
	"boolStats":[
		{"key":   1,	"value":          0,	"_comment": "Stuck"},
		{"key":  22,	"value":          0,	"_comment": "Inscribable"},
		{"key":  23,	"value":          1,	"_comment": "DestroyOnSell"}
	],
	"floatStats":[
		{"key":  54,	"value": 1.00000000,	"_comment": "UseRadius"}
	],
	"didStats":[
		{"key":   1,	"value":   33554773,	"_comment": "Setup"},
		{"key":   3,	"value":  536870932,	"_comment": "SoundTable"},
		{"key":   8,	"value":  100672451,	"_comment": "Icon"},
		{"key":  22,	"value":  872415275,	"_comment": "PhysicsEffectTable"}
	],
	"pageDataList": {
		"maxNumPages":           2,
		"maxNumCharsPerPage": 1000,
		"pages": [
			{
				"authorID":        4294967295,
				"authorName": "Sir Rylanan",
				"authorAccount": "prewritten",
				"ignoreAuthor":             0,
				"pageText": "Sir Tenshin,\n\nThe bearer of this message has done me a great service in Holtburg. I have recently been keeping surveillance on one of the newer citizens of this town - a \"reformed\" bandit from Marae Lassel claiming to have turned over a new leaf. It appears that this stranger is not as he claimed. A note found in his possession implied that he was employed to transport a cargo of some sort of substance being collected in the depths of Asuger Temple.\n"
			},
			{
				"authorID":        4294967295,
				"authorName": "Sir Rylanan",
				"authorAccount": "prewritten",
				"ignoreAuthor":             0,
				"pageText": "The adventurer you see before you penetrated the depths of the temple and found a band of Hollow Minions laboring over a strange device, collecting what looks to be concentrated portal space energy inside emulsified spherules of glass. I cannot fathom the purpose of these spherules--thinking better of performing my own analysis, I have sent the object to the Arcanum for examination. It would be best to get to the heart of this matter without delay.\n\nWith regards and congratulations for your latest promotion,\n\nRylanan\n"
			}
		]
	}
}