{
	"wcid": 14438,	"_comment": "Menacet's Orders(letterregicidemenacet)",
	"weenieType": 8,	"_comment2": "Book",
	"stringStats":[
		{"key":   1,	"value": "Menacet's Orders",	"_comment": "Name"},
		{"key":  33,	"value": "LetterRegicideMenacetPickUp",	"_comment": "Quest"},
		{"key":  37,	"value": "PortalRegicideWitshirePermissionGiven",	"_comment": "QuestRestriction"}
	],
	"intStats":[
		{"key":  33,	"value":          1,	"_comment": "Bonded = Bonded_BondedStatus"},
		{"key":   9,	"value":          0,	"_comment": "ValidLocations = None_Loc"},
		{"key":   1,	"value":       8192,	"_comment": "ItemType = Type_Writable"},
		{"key":  93,	"value":       1044,	"_comment": "PhysicsState = Ethereal_PS, Ignore_Collisions_PS, Gravity_PS"},
		{"key":   5,	"value":          5,	"_comment": "EncumbranceVal"},
		{"key":  16,	"value":          8,	"_comment": "ItemUseable = Useable_Contained"},
		{"key":   8,	"value":          5,	"_comment": "Mass"},
		{"key":  19,	"value":          0,	"_comment": "Value"},
		{"key": 114,	"value":          1,	"_comment": "Attuned = Attuned_AttunedStatus"}
	],
	"boolStats":[
		{"key":   1,	"value":          0,	"_comment": "Stuck"},
		{"key":  22,	"value":          0,	"_comment": "Inscribable"},
		{"key":  23,	"value":          1,	"_comment": "DestroyOnSell"}
	],
	"floatStats":[
		{"key":  54,	"value": 1.00000000,	"_comment": "UseRadius"}
	],
	"didStats":[
		{"key":   1,	"value":   33557474,	"_comment": "Setup"},
		{"key":   3,	"value":  536870932,	"_comment": "SoundTable"},
		{"key":   8,	"value":  100672466,	"_comment": "Icon"},
		{"key":  22,	"value":  872415275,	"_comment": "PhysicsEffectTable"}
	],
	"pageDataList": {
		"maxNumPages":           2,
		"maxNumCharsPerPage": 1000,
		"pages": [
			{
				"authorID":        4294967295,
				"authorName": "",
				"authorAccount": "prewritten",
				"ignoreAuthor":             0,
				"pageText": "Dranith--you are a faithful servant. I was...harsh during my last visit. I forget what it was like to have an unreasonable master. You did not fail. All goes according to plan.\n\nI am proud of you, my creation. I look at you, at your anger, the bright beautiful purity of your rage, and I am content with my work.\n\nRemember, you must instruct the infiltrators to have patience, to wait for the right moment to strike. Too soon, and they will be slaughtered before they reach the child.\n"
			},
			{
				"authorID":        4294967295,
				"authorName": "",
				"authorAccount": "prewritten",
				"ignoreAuthor":             0,
				"pageText": "Did this child hurt me? Is he the reason why I am what I am? No. But Asheron took my family away from me. And if I cannot find him, I will at least cause him pain, pain enough to make him wish death. I am familiar with that type of pain.\n\n- M\n"
			}
		]
	}
}