{
	"wcid": 14442,	"_comment": "Sir Tenshin's Letter to Dame Tsaya(letterregicidetsaya2)",
	"weenieType": 8,	"_comment2": "Book",
	"stringStats":[
		{"key":   1,	"value": "Sir Tenshin's Letter to Dame Tsaya",	"_comment": "Name"},
		{"key":  15,	"value": "A letter from Sir Tenshin to Dame Tsaya, in Yaraq.",	"_comment": "ShortDesc"}
	],
	"intStats":[
		{"key":  33,	"value":          1,	"_comment": "Bonded = Bonded_BondedStatus"},
		{"key":   9,	"value":          0,	"_comment": "ValidLocations = None_Loc"},
		{"key":   1,	"value":       8192,	"_comment": "ItemType = Type_Writable"},
		{"key":  93,	"value":       1044,	"_comment": "PhysicsState = Ethereal_PS, Ignore_Collisions_PS, Gravity_PS"},
		{"key":   5,	"value":          5,	"_comment": "EncumbranceVal"},
		{"key":  16,	"value":          8,	"_comment": "ItemUseable = Useable_Contained"},
		{"key":   8,	"value":          5,	"_comment": "Mass"},
		{"key":  19,	"value":          0,	"_comment": "Value"},
		{"key": 114,	"value":          1,	"_comment": "Attuned = Attuned_AttunedStatus"}
	],
	"boolStats":[
		{"key":   1,	"value":          0,	"_comment": "Stuck"},
		{"key":  22,	"value":          0,	"_comment": "Inscribable"},
		{"key":  23,	"value":          1,	"_comment": "DestroyOnSell"}
	],
	"floatStats":[
		{"key":  54,	"value": 1.00000000,	"_comment": "UseRadius"}
	],
	"didStats":[
		{"key":   1,	"value":   33554773,	"_comment": "Setup"},
		{"key":   3,	"value":  536870932,	"_comment": "SoundTable"},
		{"key":   8,	"value":  100672451,	"_comment": "Icon"},
		{"key":  22,	"value":  872415275,	"_comment": "PhysicsEffectTable"}
	],
	"pageDataList": {
		"maxNumPages":           5,
		"maxNumCharsPerPage": 1000,
		"pages": [
			{
				"authorID":        4294967295,
				"authorName": "Sir Tenshin",
				"authorAccount": "prewritten",
				"ignoreAuthor":             0,
				"pageText": "Dame Tsaya,\n\nYou cannot imagine the state of apprehension I find myself in. I write to update you on the latest developments here in Shoushi as well as Holtburg.  I have had reports that a farmer living on the outskirts of town had recently been acting extremely strangely-acting genially towards his customers one minute, then shouting and berating them in the next. What's more, he claimed to have come into a large inheritance-which is odd, because everyone in town  knows his parents remained in Ispar.\n"
			},
			{
				"authorID":        4294967295,
				"authorName": "Sir Tenshin",
				"authorAccount": "prewritten",
				"ignoreAuthor":             0,
				"pageText": "After interviewing the farmer, the bearer of this message found a trap door towards the rear of his house, leading down to a seeminly innocuous cellar. However, a large cache of weapons was found behind a hidden doorway as well as stacks of Guard uniforms.\n\nNow I ask you, Tsaya, how could this farmer store such a large arsenal and obtain these obviously stolen uniforms? There must be breach in our security-above all, I fear for our Queen.\n\nWhat's more, Sir Rylanan has just sent me a letter of recent events in Holtburg. In my\n"
			},
			{
				"authorID":        4294967295,
				"authorName": "Sir Tenshin",
				"authorAccount": "prewritten",
				"ignoreAuthor":             0,
				"pageText": "present nervous state I do not trust myself to summarize his words correctly, so I will add his words below. \n\nI believe we and the citizens of New Aluvia may be in danger, Tsaya. The Queen must be notified at once.\n\nTenshin\n\n***\n"
			},
			{
				"authorID":        4294967295,
				"authorName": "Sir Tenshin",
				"authorAccount": "prewritten",
				"ignoreAuthor":             0,
				"pageText": "Copy of the letter from Sir Rylanan to Sir Tenshin)\n\nSir Tenshin,\n\nThe bearer of this message has done me a great service in Holtburg. I have recently been keeping surveillance on one of the newer citizens of this town-a \"reformed\" bandit from Marae Lassel claiming to have turned over a new leaf. It appears that this stranger is not as he claimed. A note found in his possession implies that he was employed to transport a cargo of some sort of substance being collected in the depths of Asuger Temple.\n"
			},
			{
				"authorID":        4294967295,
				"authorName": "Sir Tenshin",
				"authorAccount": "prewritten",
				"ignoreAuthor":             0,
				"pageText": "The adventurer you see before you penetrated the depths of the temple and found a band of Hollow Minions laboring over a strange device, collecting  what looks to be concentrated portal space energy inside emulsified spherules of glass. I cannot fathom the purpose of these spherules-thinking better of performing my own analysis, I have sent the object to the Arcanum for examination. It would be best to get to the heart of this matter without delay.\n\nWith regards and congratulations for your\nlatest promotion,\n--Rylanan\n"
			}
		]
	}
}