{
	"wcid": 14443,	"_comment": "Dame Tsaya's Letter to Sir Rylanan(letterregiciderylanan1)",
	"weenieType": 8,	"_comment2": "Book",
	"stringStats":[
		{"key":   1,	"value": "Dame Tsaya's Letter to Sir Rylanan",	"_comment": "Name"},
		{"key":  15,	"value": "A letter from Dame Tsaya to Sir Rylanan, in Holtburg.",	"_comment": "ShortDesc"}
	],
	"intStats":[
		{"key":  33,	"value":          1,	"_comment": "Bonded = Bonded_BondedStatus"},
		{"key":   9,	"value":          0,	"_comment": "ValidLocations = None_Loc"},
		{"key":   1,	"value":       8192,	"_comment": "ItemType = Type_Writable"},
		{"key":  93,	"value":       1044,	"_comment": "PhysicsState = Ethereal_PS, Ignore_Collisions_PS, Gravity_PS"},
		{"key":   5,	"value":          5,	"_comment": "EncumbranceVal"},
		{"key":  16,	"value":          8,	"_comment": "ItemUseable = Useable_Contained"},
		{"key":   8,	"value":          5,	"_comment": "Mass"},
		{"key":  19,	"value":          0,	"_comment": "Value"},
		{"key": 114,	"value":          1,	"_comment": "Attuned = Attuned_AttunedStatus"}
	],
	"boolStats":[
		{"key":   1,	"value":          0,	"_comment": "Stuck"},
		{"key":  22,	"value":          0,	"_comment": "Inscribable"},
		{"key":  23,	"value":          1,	"_comment": "DestroyOnSell"}
	],
	"floatStats":[
		{"key":  54,	"value": 1.00000000,	"_comment": "UseRadius"}
	],
	"didStats":[
		{"key":   1,	"value":   33554773,	"_comment": "Setup"},
		{"key":   3,	"value":  536870932,	"_comment": "SoundTable"},
		{"key":   8,	"value":  100672451,	"_comment": "Icon"},
		{"key":  22,	"value":  872415275,	"_comment": "PhysicsEffectTable"}
	],
	"pageDataList": {
		"maxNumPages":           2,
		"maxNumCharsPerPage": 1000,
		"pages": [
			{
				"authorID":        4294967295,
				"authorName": "Dame Tsaya",
				"authorAccount": "prewritten",
				"ignoreAuthor":             0,
				"pageText": "Sir Rylanan,\n\nI write my update to you with great fear and concern for the townsfolk of Yaraq. My last update to you recorded the arrival of a stranger new to town, who moved into the abandoned villa past the al-Luq residence. I have just learned that he recently  encouraged the bearer of this message to visit a \"friend\" of his in the Darkened Halls to the north of here. Once there, the adventurer who stands before you was attacked on all sides by a party of Hollow Minions, who were obviously lying in ambush for unwary explorers. There was a terrible device in the depths of the Halls, \n"
			},
			{
				"authorID":        4294967295,
				"authorName": "Dame Tsaya",
				"authorAccount": "prewritten",
				"ignoreAuthor":             0,
				"pageText": "ostensibly created to extract  a living being's vitals from his own skin, leaving only a perfect human epidermis. One such human husk has been delivered to me, and I must report that the ghastly sight of it has not left me unshaken. I have reserved the remains for proper burial--I cannot imagine the final tortures this poor soul must have been subjected to before his final passing.\n\nWhat disturbs me the most is that I cannot discern a purpose for these atrocities. Who could find a need for these revolting trophies?\n\n--Tsaya\n"
			}
		]
	}
}