{
	"wcid": 14441,	"_comment": "Sir Tenshin's Letter to Dame Tsaya(letterregicidetsaya1)",
	"weenieType": 8,	"_comment2": "Book",
	"stringStats":[
		{"key":   1,	"value": "Sir Tenshin's Letter to Dame Tsaya",	"_comment": "Name"},
		{"key":  15,	"value": "A letter from Sir Tensin to Dame Tsaya, in Yaraq.",	"_comment": "ShortDesc"}
	],
	"intStats":[
		{"key":  33,	"value":          1,	"_comment": "Bonded = Bonded_BondedStatus"},
		{"key":   9,	"value":          0,	"_comment": "ValidLocations = None_Loc"},
		{"key":   1,	"value":       8192,	"_comment": "ItemType = Type_Writable"},
		{"key":  93,	"value":       1044,	"_comment": "PhysicsState = Ethereal_PS, Ignore_Collisions_PS, Gravity_PS"},
		{"key":   5,	"value":          5,	"_comment": "EncumbranceVal"},
		{"key":  16,	"value":          8,	"_comment": "ItemUseable = Useable_Contained"},
		{"key":   8,	"value":          5,	"_comment": "Mass"},
		{"key":  19,	"value":          0,	"_comment": "Value"},
		{"key": 114,	"value":          1,	"_comment": "Attuned = Attuned_AttunedStatus"}
	],
	"boolStats":[
		{"key":   1,	"value":          0,	"_comment": "Stuck"},
		{"key":  22,	"value":          0,	"_comment": "Inscribable"},
		{"key":  23,	"value":          1,	"_comment": "DestroyOnSell"}
	],
	"floatStats":[
		{"key":  54,	"value": 1.00000000,	"_comment": "UseRadius"}
	],
	"didStats":[
		{"key":   1,	"value":   33554773,	"_comment": "Setup"},
		{"key":   3,	"value":  536870932,	"_comment": "SoundTable"},
		{"key":   8,	"value":  100672451,	"_comment": "Icon"},
		{"key":  22,	"value":  872415275,	"_comment": "PhysicsEffectTable"}
	],
	"pageDataList": {
		"maxNumPages":           2,
		"maxNumCharsPerPage": 1000,
		"pages": [
			{
				"authorID":        4294967295,
				"authorName": "Sir Tenshin",
				"authorAccount": "prewritten",
				"ignoreAuthor":             0,
				"pageText": "Dame Tsaya,\n\nIt is with a great deal of stress and trepidation that I update you on the latest developments here in Shoushi. I have had reports that a farmer living on the outskirts of town had recently been acting extremely strangely--acting genially towards his customers one minute, then shouting and berating them in the next. What's more, he claimed to have come into a large inheritance-which is odd, because everyone in town  knows his parents remained in Ispar.\n\nAfter interviewing the farmer, the bearer of this message found a trap door towards the \n"
			},
			{
				"authorID":        4294967295,
				"authorName": "Sir Tenshin",
				"authorAccount": "prewritten",
				"ignoreAuthor":             0,
				"pageText": "rear of his house, leading down to a seeminly innocuous cellar. However, a large cache of weapons was found behind a hidden doorway as well as stacks of Guard uniforms.\n\nNow I ask you, Tsaya, how could this farmer store such a large arsenal and obtain these obviously stolen uniforms? There must be breach in our security-the Queen must be notified at once.\n\nTenshin\n"
			}
		]
	}
}