{
	"wcid": 14797,	"_comment": "Festival Cookbook(cookbookfestival)",
	"weenieType": 8,	"_comment2": "Book",
	"stringStats":[
		{"key":  16,	"value": "A collection of recipes created during the Festival Season, PY 13.",	"_comment": "LongDesc"},
		{"key":   1,	"value": "Festival Cookbook",	"_comment": "Name"},
		{"key":  15,	"value": "A collection of recipes created during the Festival Season, PY.13.",	"_comment": "ShortDesc"}
	],
	"intStats":[
		{"key":   9,	"value":          0,	"_comment": "ValidLocations = None_Loc"},
		{"key":   1,	"value":       8192,	"_comment": "ItemType = Type_Writable"},
		{"key":  93,	"value":       1044,	"_comment": "PhysicsState = Ethereal_PS, Ignore_Collisions_PS, Gravity_PS"},
		{"key":   5,	"value":        200,	"_comment": "EncumbranceVal"},
		{"key":  16,	"value":          8,	"_comment": "ItemUseable = Useable_Contained"},
		{"key":   8,	"value":        100,	"_comment": "Mass"},
		{"key":  19,	"value":         15,	"_comment": "Value"}
	],
	"boolStats":[
		{"key":  22,	"value":          1,	"_comment": "Inscribable"}
	],
	"floatStats":[
		{"key":  54,	"value": 1.00000000,	"_comment": "UseRadius"}
	],
	"didStats":[
		{"key":   1,	"value":   33554771,	"_comment": "Setup"},
		{"key":   3,	"value":  536870932,	"_comment": "SoundTable"},
		{"key":   8,	"value":  100668117,	"_comment": "Icon"},
		{"key":  22,	"value":  872415275,	"_comment": "PhysicsEffectTable"}
	],
	"pageDataList": {
		"maxNumPages":          15,
		"maxNumCharsPerPage": 1000,
		"pages": [
			{
				"authorID":        4294967295,
				"authorName": "FESTIVAL FOODS                      ",
				"authorAccount": "prewritten",
				"ignoreAuthor":             0,
				"pageText": "FESTIVAL FOODS\n     Cooks of Dereth have been hard at work and have added a collection of delicious new recipes to their cookbooks for the Festival Season.\n\nMany of these recipes will become year-round favorites while some are centered on the festivities of the season.\n"
			},
			{
				"authorID":        4294967295,
				"authorName": "INGREDIENTS: Peppermint                  ",
				"authorAccount": "prewritten",
				"ignoreAuthor":             0,
				"pageText": "NEW INGREDIENTS\n     Recently three new ingredients have been found in Dereth and its neighboring islands.\n\nPeppermint: Cooks have started using this new ingredient in their recipes since its appearance on Drudges and Mosswarts this winter. Many scholars believe that the mischievous creatures used some magical means to steal the Peppermint from the strange Candy Sticks that appeared in towns recently.\n"
			},
			{
				"authorID":        4294967295,
				"authorName": "INGREDIENTS: Nutmeg & Ginger                   ",
				"authorAccount": "prewritten",
				"ignoreAuthor":             0,
				"pageText": "NEW INGREDIENTS (Cont.)\nNutmeg: The aromatic kernel of a small fruit, Nutmeg is found in the jungles of the Vesayen Isles in the Southeast. When ground, it adds a lovely flavor to certain dishes.\n\nGinger: Ginger, a root found in the South, is a powerful spice when ground and used in cooking. Cooks have already found they can use it to make Ginger Bread, and an industrious Tinsmith named Woz, has created cookie cutters that allow people to make Ginger Bread Cookies in interesting shapes. Distant provisioners have reported buying his wares.\n"
			},
			{
				"authorID":        4294967295,
				"authorName": "SANDWICHES                                   ",
				"authorAccount": "prewritten",
				"ignoreAuthor":             0,
				"pageText": "SANDWICHES\n     A simple, but tasty meal for the busy adventurer or studious mind short on time.\n\nUse the Carving Knife to cut some Bread into Sliced Bread that can be used with the following foods to make Sandwiches: \n\n  with Cheese: Cheese Sandwich\n  with Chicken: Chicken Sandwich\n  with Egg: Egg Sandwich\n  with Fish: Fish Sandwich\n\nAlso for a change of pace you can use the Frying Pan on a Cheese Sandwich to make a nice hot Grilled Cheese Sandwich.\n"
			},
			{
				"authorID":        4294967295,
				"authorName": "DINNER: Mac&Cheese                           ",
				"authorAccount": "prewritten",
				"ignoreAuthor":             0,
				"pageText": "DINNER FOODS\n     Cragstone Farms is well known for their skillful cooking and catering. Now they bring us two new casserole recipes for the Festival Season, Cragstone Farms Mac&Cheese and Cragstonanoff.\n\nUsing raw noodles on cheese makes Cragstone Farms Mac&Cheese. Some unknown interaction between the noodles and cheese magically heats this delicious casserole*. \n\n*Alchemists are studying this culinary calefaction, but it currently remains a mystery peculiar to this world.\n"
			},
			{
				"authorID":        4294967295,
				"authorName": "DINNER: Cragstonanoff                          ",
				"authorAccount": "prewritten",
				"ignoreAuthor":             0,
				"pageText": "DINNER FOODS\n     Cragstonanoff is a wonderfully hearty meal with a rich new noodle ingredient.\n\nYou start by making some Batter, Dough+Egg. Using your Noodle Cutter cut out Raw Egg Noodles from the Batter and then use the Raw Egg Noodles on Ground Meat. After the magic heating stage you have a meal fit for Queen Elysa!\n"
			},
			{
				"authorID":        4294967295,
				"authorName": "DINNER: Dumplings                               ",
				"authorAccount": "prewritten",
				"ignoreAuthor":             0,
				"pageText": "DINNER FOODS\n     A little taste of Ispar; two dumpling recipes have been created. These simple foods evoke wonderful memories of our homeland and the things we left behind.\n\nDumplings are made with Rice Dough. Rice Dough is made by using a Mortar&Pestle on Uncooked Rice and then using the resulting Rice Flour on Water. Once you have your Rice Dough you wrap it around either Chicken or Fish to make Chicken Dumplings or Fish Dumplings just like mother used to make.\n"
			},
			{
				"authorID":        4294967295,
				"authorName": "DRINKS: Hot Chocolate                           ",
				"authorAccount": "prewritten",
				"ignoreAuthor":             0,
				"pageText": "WINTER DRINKS\n     For those who like nice hot drinks for the cold winter months, but don't like the agitation that coffee or tea can cause we have a sweet new drink to warm you up.\n\nHot Chocolate:  Heat some milk with your cooking pot. Take the Hot Milk and use it with Honey to get Sweetened Hot Milk. Cocoa Powder is then used on the Sweetened Hot Milk to make a rich cup of Hot Chocolate.\n\nPeppermint Hot Chocolate:  Using Peppermint on Hot Chocolate adds a minty twist to this already delicious drink.\n"
			},
			{
				"authorID":        4294967295,
				"authorName": "DRINKS: Eggnog                                  ",
				"authorAccount": "prewritten",
				"ignoreAuthor":             0,
				"pageText": "WINTER DRINKS\n     Definitely a seasonal favorite, Eggnog is a rich and spicy drink that can now be properly made due to the discovery of Nutmeg on the far Southern Vesayen Isles. Nutmeg is a spice of extreme use to cooks who we hope will continue to find new ways in which to use it.\n\nFirst you need to grind your nutmeg into a useful form for cooking. Use the Heavy Grinder on the Nutmeg to make Ground Nutmeg. Use the Ground Nutmeg on Milk to make Spiced Milk and then use the Spiced Milk on an Egg to create the rich Festival Season treat of Eggnog.\n"
			},
			{
				"authorID":        4294967295,
				"authorName": "SNACKS: Stuffed Mushrooms                         ",
				"authorAccount": "prewritten",
				"ignoreAuthor":             0,
				"pageText": "SNACKS\n     Many people have Festival Parties in the winter months, especially now that they may have homes to invite their friends to. A new snack that can be served to your guests has been cooked up. Warning: Stuffed Mushrooms take time and patience to cook.\n\nFirst use your Carving Knife on a mushroom to remove its stem. Use the Stemless Mushroom on some Cheese to stuff it. Use your Baking Pan on the Cheese Filled Mushroom to cook a mouth watering Stuffed Mushroom, perfect for your Festival get-togethers.\n"
			},
			{
				"authorID":        4294967295,
				"authorName": "TREATS: Peppermint Treats                             ",
				"authorAccount": "prewritten",
				"ignoreAuthor":             0,
				"pageText": "TREATS\n     Peppermint makes candy better. Minty goodness is making its way into all sorts of sweets.\n\nUsing a Peppermint Stick on a Milk Chocolate Bar makes a Peppermint Chocolate Bar with crushed peppermint in it, a very sweet recipe.\n\nFor those who enjoy Monougat... there's some long lasting chewy fun now. If you add Peppermint to Monougat you will make a Peppermint Monougat Chew.\n"
			},
			{
				"authorID":        4294967295,
				"authorName": "DESSERTS: Cookies                                   ",
				"authorAccount": "prewritten",
				"ignoreAuthor":             0,
				"pageText": "DESSERTS\n   Peppermint in cookies? Of course!\nUse Peppermint on Cookie Dough.\nUse your Baking Pan on the resulting dough to bake three Peppermint Cookies.\n\nChocolate lovers rejoice!\nUse Cocoa Powder on Cookie Dough to make Chocolate Cookie Dough. Use your Baking Pan on the resulting dough to make three Chocolate Cookies.\n\nUse Peppermint on Chocolate Cookie Dough. Use your Baking Pan on the resulting dough to make a batch of three Peppermint Chocolate Cookies. Mmmm!\n"
			},
			{
				"authorID":        4294967295,
				"authorName": "DESSERTS: Ice Cream                               ",
				"authorAccount": "prewritten",
				"ignoreAuthor":             0,
				"pageText": "DESSERTS\n     Cooks are working hard at coming up with new flavors of Ice Cream. \n     \"So far we only have four flavors, which isn't quite enough for an Ice Cream Shop,\"\nsays Benjury Cookson, the leading researcher in Ice Cream recipes.\n     \"There have been some unfortunate flavors during my research. Cooking research can be very dangerous here on Dereth if you don't know what your doing. Its not as easy or safe as you might think.\"\n\nUse a Peppermint Stick on Ice Cream to make Peppermint Ice Cream. Seems pretty easy.\n"
			},
			{
				"authorID":        4294967295,
				"authorName": "DESSERTS: Ginger Bread                               ",
				"authorAccount": "prewritten",
				"ignoreAuthor":             0,
				"pageText": "DESSERTS\n     Ginger is a spicy... spice you can use to... flavor up your cooking recipes. Some new recipes were made last month.\n\nTo use Ginger in cooking you first need to grind it. Use the Heavy Grinder on your Ginger to make Ground Ginger.\n\nUse Ground Ginger on Dough to make Ginger Bread Dough. Use a Baking Pan on the dough to make Ginger Bread.\n\nOr use a Cookie Cutter on the dough and then use your Baking Pan on the result to make a Ginger Bread Creature.\n"
			},
			{
				"authorID":        4294967295,
				"authorName": "REACTIONS                                       ",
				"authorAccount": "prewritten",
				"ignoreAuthor":             0,
				"pageText": "REACTIONS\nSho Actress: \"I love all the Peppermint sweets and the Ginger Bread Drudges are really cute and tasty! Teehe!\"\nGharu'ndim Vendor: \"The Cragstonanoff is really powerful and aggressive. It's like a Lugian kind of food, I'd definitely eat this again.\"\nAluvian Scribe: \"The new sandwiches are really clever, I never would have thought of them. Perfect for long writing sessions.\"\nArcanum Agent: \"The stuffed mushrooms were really good, I can't stop eating them!\"\nSho Cook: \"I really like the way the ginger spices up the bread. It's really good bread, but with a new aspect.\"\nNuhmudira: \"...very nice, now go away.\"\n"
			}
		]
	}
}