{
	"wcid": 14890,	"_comment": "Nuhmudira's Journal(booknuhmudirajournal)",
	"weenieType": 8,	"_comment2": "Book",
	"stringStats":[
		{"key":  16,	"value": "A book that has had many pages torn out. Only seven remain intact. The last stained with blood. It is in Nuhmudira's own hand.",	"_comment": "LongDesc"},
		{"key":   1,	"value": "Nuhmudira's Journal",	"_comment": "Name"},
		{"key":  15,	"value": "A book penned in Nuhmudira's hand.",	"_comment": "ShortDesc"}
	],
	"intStats":[
		{"key":   9,	"value":          0,	"_comment": "ValidLocations = None_Loc"},
		{"key":   1,	"value":       8192,	"_comment": "ItemType = Type_Writable"},
		{"key":  93,	"value":       1044,	"_comment": "PhysicsState = Ethereal_PS, Ignore_Collisions_PS, Gravity_PS"},
		{"key":   5,	"value":         40,	"_comment": "EncumbranceVal"},
		{"key":  16,	"value":          8,	"_comment": "ItemUseable = Useable_Contained"},
		{"key":   8,	"value":         50,	"_comment": "Mass"},
		{"key":  19,	"value":         90,	"_comment": "Value"}
	],
	"boolStats":[
		{"key":  22,	"value":          0,	"_comment": "Inscribable"}
	],
	"floatStats":[
		{"key":  39,	"value": 1.22000000,	"_comment": "DefaultScale"},
		{"key":  54,	"value": 0.30000000,	"_comment": "UseRadius"}
	],
	"didStats":[
		{"key":   1,	"value":   33556929,	"_comment": "Setup"},
		{"key":   3,	"value":  536870932,	"_comment": "SoundTable"},
		{"key":  22,	"value":  872415275,	"_comment": "PhysicsEffectTable"},
		{"key":   6,	"value":   67113005,	"_comment": "PaletteBase"},
		{"key":   7,	"value":  268436341,	"_comment": "ClothingBase"},
		{"key":   8,	"value":  100672608,	"_comment": "Icon"}
	],
	"pageDataList": {
		"maxNumPages":          19,
		"maxNumCharsPerPage": 1000,
		"pages": [
			{
				"authorID":        4294967295,
				"authorName": "Nuhmudira",
				"authorAccount": "prewritten",
				"ignoreAuthor":             0,
				"pageText": "1st Earthday, Coldeve PY 13\nAre all destinies fulfilled this way? My path was clear. It has always been one of my greatest strengths that I would sacrifice nearly all to achieve my goals. And when has ever a need been greater than ours at this time? I labor not to save myself but an entire race. A people already once-scorned and betrayed. I vowed that it would not happen again.\n"
			},
			{
				"authorID":        4294967295,
				"authorName": "Nuhmudira",
				"authorAccount": "prewritten",
				"ignoreAuthor":             0,
				"pageText": "I come from a place with a legacy of conquest and bloodshed. I know well and intimately what such surroundings do to transform a culture, transform a people, people you may know and love...but who will still come around in the midst of night, stones and torches arrayed, to bring you to an ugly demise.\n"
			},
			{
				"authorID":        4294967295,
				"authorName": "Nuhmudira",
				"authorAccount": "prewritten",
				"ignoreAuthor":             0,
				"pageText": "I vowed it would not happen again. No more violence. No more fear.\n\nI have lost count of how many of the Marae outlaws I have put to the dagger on the cold stone slab. All for the good of the people.\n\nThe light still beckons, but the shadows grow long.\n"
			},
			{
				"authorID":        4294967295,
				"authorName": "Nuhmudira",
				"authorAccount": "prewritten",
				"ignoreAuthor":             0,
				"pageText": "1st Elderday, Coldeve PY 13\nI am not a vain woman. Yes, certain manipulations were easier to perform when I was young and my face smooth and my hair fiery red. Men. But I have been only more effective as I grew older, and learned that ruthlessness was far more efficient than flirtation. The Aluvians called me the reincarnation of their Winter Queen, Alfrega with her flaming traces and ice-clad heart.\n"
			},
			{
				"authorID":        4294967295,
				"authorName": "Nuhmudira",
				"authorAccount": "prewritten",
				"ignoreAuthor":             0,
				"pageText": "But it is certainly not painful to see the smiles of some of the council. Let Celdiseth think I have lost my mind and am relying on dyes and creams. It saves me questions I could not answer. Although if Jaleh contrives to find me alone one more time...\n"
			},
			{
				"authorID":        4294967295,
				"authorName": "Nuhmudira",
				"authorAccount": "prewritten",
				"ignoreAuthor":             0,
				"pageText": "I have not seen Elysa in almost two weeks. I should be concerned about this. I should be terrified. All those years I have put in to cultivate her trust, her friendship. And it was not feigned. Yes, she is young and naive. I was once, too. But the steel runs strong in her. Perhaps enough to become a true Queen. Just not quite ready to let herself do what the throne requires.\n\nBut I find it hard to care. A new participant awaits me in my residence. The Book is singing. I feel so strong.\n"
			},
			{
				"authorID":        4294967295,
				"authorName": "Nuhmudira",
				"authorAccount": "prewritten",
				"ignoreAuthor":             0,
				"pageText": "Time is crafty. It does not batter you down in one blow, warning you of the danger, forcing you to take steps to ward off its cruel effects. Rather it slips in and out, grain by grain, second by second, sip of tea by sip of tea. I have been old. Old for so long. And it is only now I realize how weak I had become.\n"
			},
			{
				"authorID":        4294967295,
				"authorName": "Nuhmudira",
				"authorAccount": "prewritten",
				"ignoreAuthor":             0,
				"pageText": "2nd Moonsday, Coldeve PY 13\nSnow falls all across Dereth, white wisps of crystalline perfection, unique in their form and beauty. In some places they land on the frost bitten sod amidst their brethren, and there they grow, covering the land in their pristine purity.\n\nIn other places they land and disintegrate. Beauty and prefection revealed for the ephemera they are.\n"
			},
			{
				"authorID":        4294967295,
				"authorName": "Nuhmudira",
				"authorAccount": "prewritten",
				"ignoreAuthor":             0,
				"pageText": "Does that mean we should surrender? We should submit to time and chaos?\n\nThe Falatacot were wise. So much knowledge. I have spent my entire life facing persecution for my knowledge and power. It is fitting that I wear this mantle.\n"
			},
			{
				"authorID":        4294967295,
				"authorName": "Nuhmudira",
				"authorAccount": "prewritten",
				"ignoreAuthor":             0,
				"pageText": "2nd Freeday, Coldeve PY 13\nMartine! The red sands take him! It is enough that he has more power than half this world...but that he is in thrall to these Empyreans! Although Elysa probably still believes this to be his work only. It is Asheron whispering in her ear. I should have taken care of that doddering mage a long time ago.\n"
			},
			{
				"authorID":        4294967295,
				"authorName": "Nuhmudira",
				"authorAccount": "prewritten",
				"ignoreAuthor":             0,
				"pageText": "But I did not have the power then...now, though...but no, convincing Elysa is no longer of import. Let her continue to be led astray by her Empyrean. Martine must be dealt with. For all my strength I would be snuffed like a flickering candle in a tempest should I approach him now.\n\nI have more sacrifices to attend to. There must be an answer.\n"
			},
			{
				"authorID":        4294967295,
				"authorName": "",
				"authorAccount": "prewritten",
				"ignoreAuthor":             0,
				"pageText": "[There is a page missing here, torn from the binding.]\n"
			},
			{
				"authorID":        4294967295,
				"authorName": "Nuhmudira",
				"authorAccount": "prewritten",
				"ignoreAuthor":             0,
				"pageText": "5th Moonsday, Coldeve PY 13\nDestiny surrounds me. I have doubted for so long whether my path was true. There are no more doubts. Fate extends her hand to remove mountains from my path and shield daggers from my back. I have agonized for these two last weeks over what to do with Martine.\n"
			},
			{
				"authorID":        4294967295,
				"authorName": "Nuhmudira",
				"authorAccount": "prewritten",
				"ignoreAuthor":             0,
				"pageText": "And Destiny answers.\n\nThis new apprentice is a marvel. The gifts he has to offer me...unparalleled. And he doesn't even know it. If our progress with the statues continue...oh, I can picture Martine now. I can taste it.\n\nIt tastes sweet.\n"
			},
			{
				"authorID":        4294967295,
				"authorName": "Nuhmudira",
				"authorAccount": "prewritten",
				"ignoreAuthor":             0,
				"pageText": "6th Elderday, Coldeve PY 13\nI set this down for all who follow me to read and know.\n\nTwenty-eight years ago, the first Isparians came to this place, alone, bereft of family and friends. And surrounded by monstrosities. Eventually, that threat was overcome.\n"
			},
			{
				"authorID":        4294967295,
				"authorName": "Nuhmudira",
				"authorAccount": "prewritten",
				"ignoreAuthor":             0,
				"pageText": "I arrived shortly after the first Olthoi Queen had been dispatched. With no way back, and more Isparians arriving every day, I knew this place was to be our home.\n\nI was determined to make it a permanent one.\n"
			},
			{
				"authorID":        4294967295,
				"authorName": "Nuhmudira",
				"authorAccount": "prewritten",
				"ignoreAuthor":             0,
				"pageText": "I scoured this new world for knowledge and power. Everything I could learn about its former inhabitants I squirreled away, to be of use should they ever return.\n"
			},
			{
				"authorID":        4294967295,
				"authorName": "Nuhmudira",
				"authorAccount": "prewritten",
				"ignoreAuthor":             0,
				"pageText": "I found a people almost as horrifying as the Olthoi. Worse. They thought themselves enlightened. Their concepts of 'civilization' shined through as they hewed and burned those peoples foreign and mysterious to them.\n\nAll of this, the sacrifices and spells, the blood and power, has been to thwart this Empyrean homecoming. But this is our home now. We shall turn back their invasion. I am not mad. Everyone will soon know.\n"
			},
			{
				"authorID":        4294967295,
				"authorName": "Nuhmudira",
				"authorAccount": "prewritten",
				"ignoreAuthor":             0,
				"pageText": "Take shelter in the reach of my hand, humans. I am the Savior of Dereth.\n"
			}
		]
	}
}