{
	"wcid": 14892,	"_comment": "Strange Book(dontpanic)",
	"weenieType": 8,	"_comment2": "Book",
	"stringStats":[
		{"key":  16,	"value": "A strange looking book with the words Don't Panic inscribed in big friendly letters on the cover.",	"_comment": "LongDesc"},
		{"key":   1,	"value": "Strange Book",	"_comment": "Name"},
		{"key":  15,	"value": "A strange looking book with the words Don't Panic inscribed in big friendly letters on the cover.",	"_comment": "ShortDesc"}
	],
	"intStats":[
		{"key":   9,	"value":          0,	"_comment": "ValidLocations = None_Loc"},
		{"key":   1,	"value":       8192,	"_comment": "ItemType = Type_Writable"},
		{"key":  93,	"value":       1044,	"_comment": "PhysicsState = Ethereal_PS, Ignore_Collisions_PS, Gravity_PS"},
		{"key":   5,	"value":         25,	"_comment": "EncumbranceVal"},
		{"key":  16,	"value":          8,	"_comment": "ItemUseable = Useable_Contained"},
		{"key":   8,	"value":          5,	"_comment": "Mass"},
		{"key":  19,	"value":          1,	"_comment": "Value"}
	],
	"boolStats":[
		{"key":   1,	"value":          1,	"_comment": "Stuck"},
		{"key":  22,	"value":          0,	"_comment": "Inscribable"}
	],
	"didStats":[
		{"key":   1,	"value":   33554773,	"_comment": "Setup"},
		{"key":   3,	"value":  536870932,	"_comment": "SoundTable"},
		{"key":   8,	"value":  100668176,	"_comment": "Icon"},
		{"key":  22,	"value":  872415275,	"_comment": "PhysicsEffectTable"}
	],
	"pageDataList": {
		"maxNumPages":           1,
		"maxNumCharsPerPage": 1000,
		"pages": [
			{
				"authorID":        4294967295,
				"authorName": "Unknown",
				"authorAccount": "prewritten",
				"ignoreAuthor":             0,
				"pageText": "Don't Panic\n"
			}
		]
	}
}