{
	"wcid": 1491,	"_comment": "Arwic Mines Rumor(rumorarwicmines)",
	"weenieType": 8,	"_comment2": "Book",
	"stringStats":[
		{"key":   1,	"value": "Arwic Mines Rumor",	"_comment": "Name"}
	],
	"intStats":[
		{"key":   9,	"value":          0,	"_comment": "ValidLocations = None_Loc"},
		{"key":   1,	"value":       8192,	"_comment": "ItemType = Type_Writable"},
		{"key":  93,	"value":       1044,	"_comment": "PhysicsState = Ethereal_PS, Ignore_Collisions_PS, Gravity_PS"},
		{"key":   5,	"value":         25,	"_comment": "EncumbranceVal"},
		{"key":  16,	"value":          8,	"_comment": "ItemUseable = Useable_Contained"},
		{"key":   8,	"value":          5,	"_comment": "Mass"},
		{"key":  19,	"value":         10,	"_comment": "Value"}
	],
	"boolStats":[
		{"key":  22,	"value":          0,	"_comment": "Inscribable"}
	],
	"floatStats":[
		{"key":  54,	"value": 1.00000000,	"_comment": "UseRadius"}
	],
	"didStats":[
		{"key":   1,	"value":   33554773,	"_comment": "Setup"},
		{"key":   3,	"value":  536870932,	"_comment": "SoundTable"},
		{"key":   8,	"value":  100668176,	"_comment": "Icon"},
		{"key":  22,	"value":  872415275,	"_comment": "PhysicsEffectTable"}
	],
	"pageDataList": {
		"maxNumPages":           1,
		"maxNumCharsPerPage": 1000,
		"pages": [
			{
				"authorID":        4294967295,
				"authorName": "Arwic Mines Rumor",
				"authorAccount": "prewritten",
				"ignoreAuthor":             0,
				"pageText": "\nA traveler recently mentioned that he'd been exploring Arwic Mines, in Arwic.  Behind a locked door that he had to pick open, he found a secret group of banderlings.  He was lucky that he had a band of stalwart and experienced companions!  But one of the banderlings, he said, had some fiery weapons.  Might be worth looking into.  Newcomers had best look elsewhere before trying this.  Oh - and they say never, ever to go into the deepest, hidden areas!\n\n"
			}
		]
	}
}