{
	"wcid": 14931,	"_comment": "Wedding Handbook(bookwedding)",
	"weenieType": 8,	"_comment2": "Book",
	"stringStats":[
		{"key":  16,	"value": "The Wedding handbook.",	"_comment": "LongDesc"},
		{"key":   1,	"value": "Wedding Handbook",	"_comment": "Name"},
		{"key":  15,	"value": "The Wedding handbook.",	"_comment": "ShortDesc"}
	],
	"intStats":[
		{"key":   9,	"value":          0,	"_comment": "ValidLocations = None_Loc"},
		{"key":   1,	"value":       8192,	"_comment": "ItemType = Type_Writable"},
		{"key":  93,	"value":       1044,	"_comment": "PhysicsState = Ethereal_PS, Ignore_Collisions_PS, Gravity_PS"},
		{"key":   5,	"value":         10,	"_comment": "EncumbranceVal"},
		{"key":  16,	"value":          8,	"_comment": "ItemUseable = Useable_Contained"},
		{"key":   8,	"value":          5,	"_comment": "Mass"},
		{"key":  19,	"value":         10,	"_comment": "Value"}
	],
	"boolStats":[
		{"key":  22,	"value":          0,	"_comment": "Inscribable"}
	],
	"floatStats":[
		{"key":  39,	"value": 1.22000000,	"_comment": "DefaultScale"}
	],
	"didStats":[
		{"key":   1,	"value":   33554771,	"_comment": "Setup"},
		{"key":   3,	"value":  536870932,	"_comment": "SoundTable"},
		{"key":  22,	"value":  872415275,	"_comment": "PhysicsEffectTable"},
		{"key":   6,	"value":   67111092,	"_comment": "PaletteBase"},
		{"key":   7,	"value":  268436355,	"_comment": "ClothingBase"},
		{"key":   8,	"value":  100672708,	"_comment": "Icon"}
	],
	"pageDataList": {
		"maxNumPages":           7,
		"maxNumCharsPerPage": 1000,
		"pages": [
			{
				"authorID":        4294967295,
				"authorName": " High Sentinel Echac",
				"authorAccount": "prewritten",
				"ignoreAuthor":             0,
				"pageText": "\nThe CEREMONY\n\nAll weddings are special events of great personal importance. They call for a deep and lasting commitment between people, and should not be entered into lightly. That said, the joys and happiness of marriage await!\n"
			},
			{
				"authorID":        4294967295,
				"authorName": "",
				"authorAccount": "prewritten",
				"ignoreAuthor":             0,
				"pageText": "Here in Dereth, representatives of the heritage groups have agreed upon a common ceremony.  The ceremony will be overseen by The Grand Sentinels of the land.  The Queen has sent forth three Grand Sentinels in the fine tradition of Sentinels to continue this time-honored tradition.\n"
			},
			{
				"authorID":        4294967295,
				"authorName": "",
				"authorAccount": "prewritten",
				"ignoreAuthor":             0,
				"pageText": "A couple must first show The Grand Sentinel that they are of pure heart and understand all that comes along with marriage. To do so, The Grand Sentinels have formed a set of trials that will allow the couples to demonstrate their commitment to one another.\n"
			},
			{
				"authorID":        4294967295,
				"authorName": "",
				"authorAccount": "prewritten",
				"ignoreAuthor":             0,
				"pageText": "The trials will be conducted near Arwic. Each couple must collect the symbols that demonstrate their love and affection. These symbols can be combined into a Symbol of Marriage. Once each of you has created  a  Symbol of Marriage, show them to the Grand Sentinel to begin the ceremony.\n"
			},
			{
				"authorID":        4294967295,
				"authorName": "",
				"authorAccount": "prewritten",
				"ignoreAuthor":             0,
				"pageText": "The Grand Sentinel has also decreed that once married, you will not be able to visit them for a time not shorter then three months.\n"
			},
			{
				"authorID":        4294967295,
				"authorName": "",
				"authorAccount": "prewritten",
				"ignoreAuthor":             0,
				"pageText": "GUESTS\n\nIt is advised that if you are planning an outdoor wedding, that you limit your guest list to 35 to prevent the magic of the Portal Storm from disrupting the ceremony.\n\nIf you are planning a wedding larger then 35, the Queen has prepared a special Wedding Hall for your needs.  Weddings of a hundred plus guests have been held here, though not without their own drawbacks that come with lots of guests in one area.\n"
			},
			{
				"authorID":        4294967295,
				"authorName": "",
				"authorAccount": "prewritten",
				"ignoreAuthor":             0,
				"pageText": "PREPARATIONS\nWedding Planners are available throughout the land.  There, you will be able to find everything you need to be able to have a wedding you will never forget.\n"
			}
		]
	}
}