{
	"wcid": 1494,	"_comment": "Yanshi Ruin Directions(directionsyanshiruin)",
	"weenieType": 8,	"_comment2": "Book",
	"stringStats":[
		{"key":   1,	"value": "Yanshi Ruin Directions",	"_comment": "Name"}
	],
	"intStats":[
		{"key":   9,	"value":          0,	"_comment": "ValidLocations = None_Loc"},
		{"key":   1,	"value":       8192,	"_comment": "ItemType = Type_Writable"},
		{"key":  93,	"value":       1044,	"_comment": "PhysicsState = Ethereal_PS, Ignore_Collisions_PS, Gravity_PS"},
		{"key":   5,	"value":         25,	"_comment": "EncumbranceVal"},
		{"key":  16,	"value":          8,	"_comment": "ItemUseable = Useable_Contained"},
		{"key":   8,	"value":          5,	"_comment": "Mass"},
		{"key":  19,	"value":         10,	"_comment": "Value"}
	],
	"boolStats":[
		{"key":  22,	"value":          0,	"_comment": "Inscribable"}
	],
	"floatStats":[
		{"key":  54,	"value": 1.00000000,	"_comment": "UseRadius"}
	],
	"didStats":[
		{"key":   1,	"value":   33554773,	"_comment": "Setup"},
		{"key":   3,	"value":  536870932,	"_comment": "SoundTable"},
		{"key":   8,	"value":  100668176,	"_comment": "Icon"},
		{"key":  22,	"value":  872415275,	"_comment": "PhysicsEffectTable"}
	],
	"pageDataList": {
		"maxNumPages":           1,
		"maxNumCharsPerPage": 1000,
		"pages": [
			{
				"authorID":        4294967295,
				"authorName": "Yanshi Ruin Directions",
				"authorAccount": "prewritten",
				"ignoreAuthor":             0,
				"pageText": "\nIf you travel into the swamp -- heading directly northeast from the Redspire portal at the southern Yanshi outpost -- you may chance upon a trail of ruined columns leading into the swamp's depths.  There stands some odd ruins, the remnants of the Empyrean civilization.  Alas, the monsters have taken over.  However, among them is a mosswart who has a sword that does ice damage, which is good against some monsters.  But be careful!  Those mosswarts can be treacherous!\n\n"
			}
		]
	}
}