{
	"wcid": 1496,	"_comment": "Directions to the Drudge Hideout(directionsdrudgecamp)",
	"weenieType": 8,	"_comment2": "Book",
	"stringStats":[
		{"key":  16,	"value": "This is a good adventure for someone who is newly arrived in Dereth.",	"_comment": "LongDesc"},
		{"key":   1,	"value": "Directions to the Drudge Hideout",	"_comment": "Name"}
	],
	"intStats":[
		{"key":   9,	"value":          0,	"_comment": "ValidLocations = None_Loc"},
		{"key":   1,	"value":       8192,	"_comment": "ItemType = Type_Writable"},
		{"key":  93,	"value":       1044,	"_comment": "PhysicsState = Ethereal_PS, Ignore_Collisions_PS, Gravity_PS"},
		{"key":   5,	"value":          5,	"_comment": "EncumbranceVal"},
		{"key":  16,	"value":          8,	"_comment": "ItemUseable = Useable_Contained"},
		{"key":  19,	"value":          5,	"_comment": "Value"}
	],
	"boolStats":[
		{"key":  22,	"value":          0,	"_comment": "Inscribable"}
	],
	"floatStats":[
		{"key":  54,	"value": 1.00000000,	"_comment": "UseRadius"}
	],
	"didStats":[
		{"key":   1,	"value":   33554773,	"_comment": "Setup"},
		{"key":   3,	"value":  536870932,	"_comment": "SoundTable"},
		{"key":   8,	"value":  100675770,	"_comment": "Icon"},
		{"key":  22,	"value":  872415275,	"_comment": "PhysicsEffectTable"}
	],
	"pageDataList": {
		"maxNumPages":           1,
		"maxNumCharsPerPage": 1000,
		"pages": [
			{
				"authorID":        4294967295,
				"authorName": "Wilomine",
				"authorAccount": "prewritten",
				"ignoreAuthor":             0,
				"pageText": "\nJust outside of Holtburg, on the road that goes south -- at just about 41.4N 33.3E -- is a small ruin where some runaway drudges are hiding out. We don't bother them, and they don't normally bother us. But I hear that lately a bigger, bolder drudge boss has moved in, and he's has been leading the other drudges on raids against local farmsteads. No good can come of that.\n\nI also have heard there are some pretty tasty treasure chests in there.\n"
			}
		]
	}
}