{
	"wcid": 1506,	"_comment": "Legend of the Undead Defender(directionsdefender)",
	"weenieType": 8,	"_comment2": "Book",
	"stringStats":[
		{"key":   1,	"value": "Legend of the Undead Defender",	"_comment": "Name"}
	],
	"intStats":[
		{"key":   9,	"value":          0,	"_comment": "ValidLocations = None_Loc"},
		{"key":   1,	"value":       8192,	"_comment": "ItemType = Type_Writable"},
		{"key":  93,	"value":       1044,	"_comment": "PhysicsState = Ethereal_PS, Ignore_Collisions_PS, Gravity_PS"},
		{"key":   5,	"value":         25,	"_comment": "EncumbranceVal"},
		{"key":  16,	"value":          8,	"_comment": "ItemUseable = Useable_Contained"},
		{"key":   8,	"value":          5,	"_comment": "Mass"},
		{"key":  19,	"value":         10,	"_comment": "Value"}
	],
	"boolStats":[
		{"key":  22,	"value":          0,	"_comment": "Inscribable"}
	],
	"floatStats":[
		{"key":  54,	"value": 1.00000000,	"_comment": "UseRadius"}
	],
	"didStats":[
		{"key":   1,	"value":   33554773,	"_comment": "Setup"},
		{"key":   3,	"value":  536870932,	"_comment": "SoundTable"},
		{"key":   8,	"value":  100668176,	"_comment": "Icon"},
		{"key":  22,	"value":  872415275,	"_comment": "PhysicsEffectTable"}
	],
	"pageDataList": {
		"maxNumPages":           1,
		"maxNumCharsPerPage": 1000,
		"pages": [
			{
				"authorID":        4294967295,
				"authorName": "Legend of the Undead Defender",
				"authorAccount": "prewritten",
				"ignoreAuthor":             0,
				"pageText": "\nSome people say that undead monsters are the result of resurrection magic gone horribly wrong.  In any case, there's a legend of an unknown, unnamed person who died protecting his friends during a trip into what was once called the Syliph Dungeon.  Now, they say, only that person's corpse defends the bodies of his friends, mindlessly fighting all those who come!  The dungeon must surely be very unpleasant.  Legend has it the name was changed to \"Sylsfear\" or something like that. Supposedly it's somewhere near Mount Alphus.\n\n"
			}
		]
	}
}