{
	"wcid": 1507,	"_comment": "Legend of the Halls of Helm(directionshallshelm)",
	"weenieType": 8,	"_comment2": "Book",
	"stringStats":[
		{"key":   1,	"value": "Legend of the Halls of Helm",	"_comment": "Name"}
	],
	"intStats":[
		{"key":   9,	"value":          0,	"_comment": "ValidLocations = None_Loc"},
		{"key":   1,	"value":       8192,	"_comment": "ItemType = Type_Writable"},
		{"key":  93,	"value":       1044,	"_comment": "PhysicsState = Ethereal_PS, Ignore_Collisions_PS, Gravity_PS"},
		{"key":   5,	"value":         25,	"_comment": "EncumbranceVal"},
		{"key":  16,	"value":          8,	"_comment": "ItemUseable = Useable_Contained"},
		{"key":   8,	"value":          5,	"_comment": "Mass"},
		{"key":  19,	"value":         10,	"_comment": "Value"}
	],
	"boolStats":[
		{"key":  22,	"value":          0,	"_comment": "Inscribable"}
	],
	"floatStats":[
		{"key":  54,	"value": 1.00000000,	"_comment": "UseRadius"}
	],
	"didStats":[
		{"key":   1,	"value":   33554773,	"_comment": "Setup"},
		{"key":   3,	"value":  536870932,	"_comment": "SoundTable"},
		{"key":   8,	"value":  100668176,	"_comment": "Icon"},
		{"key":  22,	"value":  872415275,	"_comment": "PhysicsEffectTable"}
	],
	"pageDataList": {
		"maxNumPages":           1,
		"maxNumCharsPerPage": 1000,
		"pages": [
			{
				"authorID":        4294967295,
				"authorName": "Legend of the Halls of Helm",
				"authorAccount": "prewritten",
				"ignoreAuthor":             0,
				"pageText": "\nThere is a bizarre legend in these parts of an excellent helm and, if you can believe it, a blazing shield of fire!  I've heard a long-dead evil lich holds it somewhere in what's called The Halls of Helm.  You'd better be well-prepared for this one!  To get there, follow the road out of Zaikhal but take the left fork, and look in the area to the north of the road, in the hills.  Watch out for monsters along the way.  Oh, and I heard an overly curious food merchant lost all his goods down in that dungeon.\n\n"
			}
		]
	}
}