{
	"wcid": 1508,	"_comment": "Alphus Range Directions(directionsundeadspecial)",
	"weenieType": 8,	"_comment2": "Book",
	"stringStats":[
		{"key":   1,	"value": "Alphus Range Directions",	"_comment": "Name"}
	],
	"intStats":[
		{"key":   9,	"value":          0,	"_comment": "ValidLocations = None_Loc"},
		{"key":   1,	"value":       8192,	"_comment": "ItemType = Type_Writable"},
		{"key":  93,	"value":       1044,	"_comment": "PhysicsState = Ethereal_PS, Ignore_Collisions_PS, Gravity_PS"},
		{"key":   5,	"value":         25,	"_comment": "EncumbranceVal"},
		{"key":  16,	"value":          8,	"_comment": "ItemUseable = Useable_Contained"},
		{"key":   8,	"value":          5,	"_comment": "Mass"},
		{"key":  19,	"value":         10,	"_comment": "Value"}
	],
	"boolStats":[
		{"key":  22,	"value":          0,	"_comment": "Inscribable"}
	],
	"floatStats":[
		{"key":  54,	"value": 1.00000000,	"_comment": "UseRadius"}
	],
	"didStats":[
		{"key":   1,	"value":   33554773,	"_comment": "Setup"},
		{"key":   3,	"value":  536870932,	"_comment": "SoundTable"},
		{"key":   8,	"value":  100668176,	"_comment": "Icon"},
		{"key":  22,	"value":  872415275,	"_comment": "PhysicsEffectTable"}
	],
	"pageDataList": {
		"maxNumPages":           1,
		"maxNumCharsPerPage": 1000,
		"pages": [
			{
				"authorID":        4294967295,
				"authorName": "Alphus Range Directions",
				"authorAccount": "prewritten",
				"ignoreAuthor":             0,
				"pageText": "\nHave you heard of the Mount Alphus Range? It lies between Glenden Wood and Zaikhal, and is quite a ways north of Samsur. There is a series of mountains, and it is said quite a number of dungeons are nearby. In fact, some of the dungeons take one to the very top of the mountains! \n\nIf you explore the one within the mountain called Bellig, around 17.8N, 16.0E, you may find a zombie with an unusual hammer. Be careful, for that area is said to be extremely dangerous! Not a place for newcomers to explore, by any means!\n"
			}
		]
	}
}