{
	"wcid": 15793,	"_comment": "A Hastily Scrawled Note(notenuhmudiralabyrinth13)",
	"weenieType": 8,	"_comment2": "Book",
	"stringStats":[
		{"key":  16,	"value": "A note hastily written by Nuhmudira.",	"_comment": "LongDesc"},
		{"key":   1,	"value": "A Hastily Scrawled Note",	"_comment": "Name"},
		{"key":  15,	"value": "A note hastily written by Nuhmudira.",	"_comment": "ShortDesc"}
	],
	"intStats":[
		{"key":   9,	"value":          0,	"_comment": "ValidLocations = None_Loc"},
		{"key":   1,	"value":       8192,	"_comment": "ItemType = Type_Writable"},
		{"key":  93,	"value":       1044,	"_comment": "PhysicsState = Ethereal_PS, Ignore_Collisions_PS, Gravity_PS"},
		{"key":   5,	"value":         25,	"_comment": "EncumbranceVal"},
		{"key":  16,	"value":          8,	"_comment": "ItemUseable = Useable_Contained"},
		{"key":   8,	"value":          5,	"_comment": "Mass"},
		{"key":  19,	"value":          0,	"_comment": "Value"},
		{"key": 114,	"value":          1,	"_comment": "Attuned = Attuned_AttunedStatus"}
	],
	"boolStats":[
		{"key":  22,	"value":          0,	"_comment": "Inscribable"}
	],
	"floatStats":[
		{"key":  54,	"value": 1.00000000,	"_comment": "UseRadius"}
	],
	"didStats":[
		{"key":   1,	"value":   33554773,	"_comment": "Setup"},
		{"key":   3,	"value":  536870932,	"_comment": "SoundTable"},
		{"key":   8,	"value":  100672795,	"_comment": "Icon"},
		{"key":  22,	"value":  872415275,	"_comment": "PhysicsEffectTable"}
	],
	"pageDataList": {
		"maxNumPages":           1,
		"maxNumCharsPerPage": 1000,
		"pages": [
			{
				"authorID":        4294967295,
				"authorName": "Nuhmudira",
				"authorAccount": "prewritten",
				"ignoreAuthor":             0,
				"pageText": "Silence. You are judged unworthy of the gift of undeath and by order of the Gelid shall be disposed. Your tampering with the Blood of the World will...\n\nWeakening...I cannot keep my own thoughts for long, what was it my snake of an apprentice said?\n\nOne will prolong the process, but strip more of the power from within you...\n\nThe other will speed the process along twisting you into an existence of endless suffering. But your power shall persist, and I shall steal it. \n"
			}
		]
	}
}