{
	"wcid": 15799,	"_comment": "A Letter of Grief(letterthorstenarmor1)",
	"weenieType": 8,	"_comment2": "Book",
	"stringStats":[
		{"key":   1,	"value": "A Letter of Grief",	"_comment": "Name"},
		{"key":  15,	"value": "A letter from Elysa Strathelar to Lania Cartoth.",	"_comment": "ShortDesc"}
	],
	"intStats":[
		{"key":  33,	"value":          1,	"_comment": "Bonded = Bonded_BondedStatus"},
		{"key":   9,	"value":          0,	"_comment": "ValidLocations = None_Loc"},
		{"key":   1,	"value":       8192,	"_comment": "ItemType = Type_Writable"},
		{"key":  93,	"value":       1044,	"_comment": "PhysicsState = Ethereal_PS, Ignore_Collisions_PS, Gravity_PS"},
		{"key":   5,	"value":         25,	"_comment": "EncumbranceVal"},
		{"key":  16,	"value":          8,	"_comment": "ItemUseable = Useable_Contained"},
		{"key":   8,	"value":          5,	"_comment": "Mass"},
		{"key":  19,	"value":          0,	"_comment": "Value"},
		{"key": 114,	"value":          1,	"_comment": "Attuned = Attuned_AttunedStatus"}
	],
	"boolStats":[
		{"key":  22,	"value":          0,	"_comment": "Inscribable"},
		{"key":  23,	"value":          1,	"_comment": "DestroyOnSell"}
	],
	"floatStats":[
		{"key":  54,	"value": 1.00000000,	"_comment": "UseRadius"}
	],
	"didStats":[
		{"key":   1,	"value":   33554773,	"_comment": "Setup"},
		{"key":   3,	"value":  536870932,	"_comment": "SoundTable"},
		{"key":   8,	"value":  100672829,	"_comment": "Icon"},
		{"key":  22,	"value":  872415275,	"_comment": "PhysicsEffectTable"}
	],
	"pageDataList": {
		"maxNumPages":           3,
		"maxNumCharsPerPage": 1000,
		"pages": [
			{
				"authorID":        4294967295,
				"authorName": "Elysa Strathelar",
				"authorAccount": "prewritten",
				"ignoreAuthor":             0,
				"pageText": "Dearest Lania,\n\nOnly a few days have passed since the vile creature slew Thorsten.  Everything has changed for me, maybe even more so than when I entered this strange land. I know Thorsten is gone, yet I feel at any moment I could turn and there he would stand, smiling at me, reaching for my hand.  At times I do turn around expecting him to be there, but only see a wall, a field, the sky. I only see the emptiness of my present world. Reality, as cruel and unforgiving as the eyes of that monster when she descended upon us.  She pierced my heart just as\n"
			},
			{
				"authorID":        4294967295,
				"authorName": "Elysa Strathelar",
				"authorAccount": "prewritten",
				"ignoreAuthor":             0,
				"pageText": "surely as she pierced the heart of my beloved. Thorsten's wound matters not to him today.  Mine feels as if it will never heal.\n\nWhen we were girls back on Ispar, do you remember how we dreamt of love and a bright tomorrow with our respective future husbands whose visages we could but hazily imagine?  We sat on Farview Hill and looked towards that corner of Jasmina Valley between the setting sun and the northern sky where we envisioned twin castles- one for your family and one for mine. We talked of the estates we would create and thrive in with our loved ones.\n"
			},
			{
				"authorID":        4294967295,
				"authorName": "Elysa Strathelar",
				"authorAccount": "prewritten",
				"ignoreAuthor":             0,
				"pageText": "Here in this new land I found love, but it is lost to me now.  My future is empty.  I feel I can only look backwards to the memories of my time with Thorsten, a time all too short.  I cannot bear to bury Thorsten's armor or his axe with him. They were so much a part of him. When I look upon his armor I see him within it, though it stands empty.  I will keep them with me through the empty tomorrows.\n\nElysa\n"
			}
		]
	}
}