{
	"wcid": 15797,	"_comment": "Miadun hu Okardunai(tometornelemental)",
	"weenieType": 8,	"_comment2": "Book",
	"stringStats":[
		{"key":  16,	"value": "A tome torn and charred. Several pages are still salvageable. The text appears to be written in the Gelidite tongue.",	"_comment": "LongDesc"},
		{"key":   1,	"value": "Miadun hu Okardunai",	"_comment": "Name"},
		{"key":  14,	"value": "This book cannot be read, it is written in Ancient Empyrean.",	"_comment": "Use"},
		{"key":  15,	"value": "A tome torn and charred. But several pages are still readable, if one could understand the ancient language.",	"_comment": "ShortDesc"}
	],
	"intStats":[
		{"key":  33,	"value":          0,	"_comment": "Bonded = Normal_BondedStatus"},
		{"key":   9,	"value":          0,	"_comment": "ValidLocations = None_Loc"},
		{"key":   1,	"value":       8192,	"_comment": "ItemType = Type_Writable"},
		{"key":  19,	"value":          0,	"_comment": "Value"},
		{"key":   3,	"value":         82,	"_comment": "PaletteTemplate"},
		{"key":  93,	"value":       1044,	"_comment": "PhysicsState = Ethereal_PS, Ignore_Collisions_PS, Gravity_PS"},
		{"key":   5,	"value":         25,	"_comment": "EncumbranceVal"},
		{"key":  16,	"value":          8,	"_comment": "ItemUseable = Useable_Contained"},
		{"key":   8,	"value":         15,	"_comment": "Mass"}
	],
	"boolStats":[
		{"key":  22,	"value":          0,	"_comment": "Inscribable"}
	],
	"floatStats":[
		{"key":  54,	"value": 1.00000000,	"_comment": "UseRadius"}
	],
	"didStats":[
		{"key":   1,	"value":   33556929,	"_comment": "Setup"},
		{"key":   3,	"value":  536870932,	"_comment": "SoundTable"},
		{"key":  22,	"value":  872415275,	"_comment": "PhysicsEffectTable"},
		{"key":   6,	"value":   67113005,	"_comment": "PaletteBase"},
		{"key":   7,	"value":  268436360,	"_comment": "ClothingBase"},
		{"key":   8,	"value":  100672793,	"_comment": "Icon"}
	],
	"pageDataList": {
		"maxNumPages":           1,
		"maxNumCharsPerPage": 1000,
		"pages": [
			{
				"authorID":        4294967295,
				"authorName": "Unknown",
				"authorAccount": "prewritten",
				"ignoreAuthor":             0,
				"pageText": "\n[You cannot read this, and must bring it to a translator.]\n"
			}
		]
	}
}