{
	"wcid": 15791,	"_comment": "A Painfully Scrawled Note(notenuhmudiralabyrinth11)",
	"weenieType": 8,	"_comment2": "Book",
	"stringStats":[
		{"key":  16,	"value": "A note hastily written by Nuhmudira. ",	"_comment": "LongDesc"},
		{"key":   1,	"value": "A Painfully Scrawled Note",	"_comment": "Name"},
		{"key":  15,	"value": "A note hastily written by Nuhmudira.",	"_comment": "ShortDesc"}
	],
	"intStats":[
		{"key":   9,	"value":          0,	"_comment": "ValidLocations = None_Loc"},
		{"key":   1,	"value":       8192,	"_comment": "ItemType = Type_Writable"},
		{"key":  93,	"value":       1044,	"_comment": "PhysicsState = Ethereal_PS, Ignore_Collisions_PS, Gravity_PS"},
		{"key":   5,	"value":         25,	"_comment": "EncumbranceVal"},
		{"key":  16,	"value":          8,	"_comment": "ItemUseable = Useable_Contained"},
		{"key":   8,	"value":          5,	"_comment": "Mass"},
		{"key":  19,	"value":          5,	"_comment": "Value"},
		{"key": 114,	"value":          1,	"_comment": "Attuned = Attuned_AttunedStatus"}
	],
	"boolStats":[
		{"key":  22,	"value":          0,	"_comment": "Inscribable"}
	],
	"floatStats":[
		{"key":  54,	"value": 1.00000000,	"_comment": "UseRadius"}
	],
	"didStats":[
		{"key":   1,	"value":   33554773,	"_comment": "Setup"},
		{"key":   3,	"value":  536870932,	"_comment": "SoundTable"},
		{"key":   8,	"value":  100672795,	"_comment": "Icon"},
		{"key":  22,	"value":  872415275,	"_comment": "PhysicsEffectTable"}
	],
	"pageDataList": {
		"maxNumPages":           1,
		"maxNumCharsPerPage": 1000,
		"pages": [
			{
				"authorID":        4294967295,
				"authorName": "Nuhmudira",
				"authorAccount": "prewritten",
				"ignoreAuthor":             0,
				"pageText": "They carried the incense to the ritual...\nThey were servitors I see it now...\nWhen they heeded the call of the voice, it was their servitors the snake-men their creations that stood with them at rituals.\n\nWhat have I become?\nI am a monster.\nI am what I despise most. I cannot live this way endlessly...please let my power fade...just let me die.\n\nLet me die...\nlet there be peace...I do not want to endure..\nlet me die...\nlet me die...\n"
			}
		]
	}
}