{
	"wcid": 15796,	"_comment": "Tome of the Elements(tomeelementaltranslated)",
	"weenieType": 8,	"_comment2": "Book",
	"stringStats":[
		{"key":  16,	"value": "A tome of four distinct colors, fasted in an iron bound leather binding. Surprising light for such a large tome, the book bears no scent of age, though it is written in an old form of Empyrean. It has been translated for ease of reading.",	"_comment": "LongDesc"},
		{"key":   1,	"value": "Tome of the Elements",	"_comment": "Name"},
		{"key":  15,	"value": "A tome of four distinct colors, fasted in an iron bound leather binding.",	"_comment": "ShortDesc"}
	],
	"intStats":[
		{"key":  33,	"value":          0,	"_comment": "Bonded = Normal_BondedStatus"},
		{"key":   9,	"value":          0,	"_comment": "ValidLocations = None_Loc"},
		{"key":   1,	"value":       8192,	"_comment": "ItemType = Type_Writable"},
		{"key":  93,	"value":       1044,	"_comment": "PhysicsState = Ethereal_PS, Ignore_Collisions_PS, Gravity_PS"},
		{"key":   5,	"value":         25,	"_comment": "EncumbranceVal"},
		{"key":  16,	"value":          8,	"_comment": "ItemUseable = Useable_Contained"},
		{"key":   8,	"value":         15,	"_comment": "Mass"},
		{"key":  19,	"value":          0,	"_comment": "Value"}
	],
	"boolStats":[
		{"key":  22,	"value":          0,	"_comment": "Inscribable"}
	],
	"floatStats":[
		{"key":  54,	"value": 1.00000000,	"_comment": "UseRadius"}
	],
	"didStats":[
		{"key":   1,	"value":   33556929,	"_comment": "Setup"},
		{"key":   3,	"value":  536870932,	"_comment": "SoundTable"},
		{"key":   8,	"value":  100672794,	"_comment": "Icon"},
		{"key":  22,	"value":  872415275,	"_comment": "PhysicsEffectTable"}
	],
	"pageDataList": {
		"maxNumPages":          44,
		"maxNumCharsPerPage": 1000,
		"pages": [
			{
				"authorID":        4294967295,
				"authorName": "Translator",
				"authorAccount": "prewritten",
				"ignoreAuthor":             0,
				"pageText": "Where it is applicable I have added notes in paranthesis to highlight words as we would speak them in everyday tongue.\n"
			},
			{
				"authorID":        4294967295,
				"authorName": "Gaerlan",
				"authorAccount": "prewritten",
				"ignoreAuthor":             0,
				"pageText": "The Falatacot, studied the art of Geomancy with an unquenchable thirst. They called upon the resonance that echoed from within the world at the structures erected in the time before. They found that it was here, on Ireth Lassel, that mana was most concentrated, and plentiful.\n\nTheir priestesses, used their arts to fuse snakes and servitors into beings that would join them in blood rites, sacrificing unwary captives to the voices that echoed from the world. Their beloved Old Ones.\nIn the places where their shrines and temples were erected, they heard the voices.\n"
			},
			{
				"authorID":        4294967295,
				"authorName": "Gaerlan",
				"authorAccount": "prewritten",
				"ignoreAuthor":             0,
				"pageText": "The voices granted them knowledge beyond the bounds of what any other of our race had ever known and they learned the full potential of the arcane. We use the shadow to our own effects when it suits us, but never to the level that the true masters of the arts could, and did.\n\nPulling the shadows in blankets, they hid themselves from the eyes of those that would persecute. They lived in the mire of the world and listened to the words that the voice called to them. Far to the west, beyond the scope of Ireth Lassel they erected their homes, secluded, removed and all together separate.\n"
			},
			{
				"authorID":        4294967295,
				"authorName": "Gaerlan",
				"authorAccount": "prewritten",
				"ignoreAuthor":             0,
				"pageText": "Scholars all, some to a fault. They watched from afar and in time fell further into the darkness. They uncovered arcane arts that even they would not enact, as the cost for such was too high. Blood was life, and without blood there was only death.\n\nIn time the great cold came and forced them from their homes. They wandered into the holds of their cousins, the Dericost and were tolerated as they shared their arts. \n\nPassing carefully hidden truths to the Dericost brought about change. Yet the Falatacot, held many arts secret and in darkness still.\n"
			},
			{
				"authorID":        4294967295,
				"authorName": "Gaerlan",
				"authorAccount": "prewritten",
				"ignoreAuthor":             0,
				"pageText": "There in the darkness, they sequestered tomes of inordinate power and enacted rites of the most foul and bloody persuasion. Killing to them was another form of seeing that life continued and their rites increased the power of their preistesses to a point that none save, their darkest lord could comprehend.\n\nSects began forming within, small splinter factions that studied the aspects of the Blood of the World and called back to the voice that beckoned them. Others moved further into the shadow, heeding the dark call of the darkness made whole, flocking to the one who shall not be named.\n"
			},
			{
				"authorID":        4294967295,
				"authorName": "Gaerlan",
				"authorAccount": "prewritten",
				"ignoreAuthor":             0,
				"pageText": "Others studied the arts of creation and formation. Some studied arts of mechanism and toil. But all studied within the darkness and the reach of that voice. Then when their veil was pierced and their world came under the mighty foot of their oppressors, their tomes, and their arts fell dormant. Lost to time and given over to destruction and the call of entropy.\n\nIt was here that the construction of this book would have begun, and the very reason for this preface. They were a people that were brought together under harsh conditions, struggling to improve that which had been granted them, even whilst\n"
			},
			{
				"authorID":        4294967295,
				"authorName": "Gaerlan ",
				"authorAccount": "prewritten",
				"ignoreAuthor":             0,
				"pageText": "they were the prey to an oppresive hunter/brother. \n\nThey are gone, mostly forgotten. Yet there are things that they have left the world that have been found by others, in different ages. \n\nNone know how long before they were absorbed into the ranks of their cousins that the Falatacot walked, and none may ever know. The knowledge is occulted in the deep recesses of the world. Perhaps never to be found. And though we are an old race of people. We are not eternal. \n"
			},
			{
				"authorID":        4294967295,
				"authorName": "Gaerlan",
				"authorAccount": "prewritten",
				"ignoreAuthor":             0,
				"pageText": "Some have speculated that the only ones who would know the truths of the Falatacot were driven from this world long ago. They flew into seclusion or were hunted by the remnants of the Falatacot/Dericost in the time of the one that shall remain unnamed.\n\nBut there is another race that has lived as long as the Old Ones . But they are dormant now, speaking only when their prophecy might have meaning to those that will listen. Another voice, from beyond. Fed by the Blood of the World but not of the Blood of the World.\n"
			},
			{
				"authorID":        4294967295,
				"authorName": "Gaerlan",
				"authorAccount": "prewritten",
				"ignoreAuthor":             0,
				"pageText": "Now, there is something to be said for ages. For we live in the time of the great seaborne kingdom and though I have left that place, I am still of this age. But there is one that I have learned is not, of my age.\n\nIn a time when the Unnamed walked this world, and brought his army of the dark against Lord Atlan, he lived.\n\nHe lives still.\n"
			},
			{
				"authorID":        4294967295,
				"authorName": "Gaerlan",
				"authorAccount": "prewritten",
				"ignoreAuthor":             0,
				"pageText": "The Gelid\n\nOur race, and sects are an unforgiving lot, or so history would show those with a discerning eye. It is thus that the fate of the Gelid, having been only the grandchildren of the Old Dericost Lords fell under the oppression of the Haebrous and we Yalain.\n\nI am a heretic for writing these words, but sequestered as I amwithin my own study I do not fear the reciprocity that would be due me. Rather I flaunt my hate of my own people who are so hypocritical, but I shall save that anger for later.\n"
			},
			{
				"authorID":        4294967295,
				"authorName": "Gaerlan",
				"authorAccount": "prewritten",
				"ignoreAuthor":             0,
				"pageText": "Nestled in the remains of their ancestors homes the Gelid studied their arts on the Plateau of Gelid.\n\nThe Haebrous discovered, and ancient ancestor of the Gelid living amongst them, hidden to their arts for some time, and evidence it seems, was created to support the theory that the Gelidites were somehow in league with this Lich.\n\nThe victors write history, and so one can only speculate what truly transpired. But what is known to me, through the practice of certain arts, and speaking with my minions from the Blood of the World, is \n"
			},
			{
				"authorID":        4294967295,
				"authorName": "Gaerlan",
				"authorAccount": "prewritten",
				"ignoreAuthor":             0,
				"pageText": "during this epoch the Yalain tortured the Gelid, while the Haebrous hunted them to near extinction.\n\nIt was in this time that a contingent of the Gelid fled Haebrous and came to Ireth Lassel.\n\nThey are departed now, nothing more than timeless corpses littering hallways and eternally burning rooms within a great library.\n"
			},
			{
				"authorID":        4294967295,
				"authorName": "Gaerlan",
				"authorAccount": "prewritten",
				"ignoreAuthor":             0,
				"pageText": "Introduction\n\nI am sure now that you have struggled through the preface you question why I endeavour to entreat further information not pertaining to Elementals. But please bear with me and continue your read.\n\nI am a man possessed of information that some have thought died with the passing of the Gelid. But in reading the salvagable writings that these beings left, I have discovered that they are but a branch of the Gelid, a minor sect that left to pursue the study of arts as ancient as their oldest ancestors, the Falatacot.\n"
			},
			{
				"authorID":        4294967295,
				"authorName": "Gaerlan",
				"authorAccount": "prewritten",
				"ignoreAuthor":             0,
				"pageText": "The tomes that existed in their libraries spanned an eon of study. Time taken to think rethink, calculate and re-calculate the thoughts and studies of their ancestors. They believed that the Blood of the World, was nothing more than an energy, much akin to what we call mana.\n\nWhen they returned to Ireth Lassel, after years of torture and persecution this sect left the whole of the Gelidites, after they enacted the rite that twisted them into undead, with Dericost magics.\n\nThis alteration, I believe would function as a most efficient punishment, changed them\n"
			},
			{
				"authorID":        4294967295,
				"authorName": "Gaerlan",
				"authorAccount": "prewritten",
				"ignoreAuthor":             0,
				"pageText": "into beings that could exist for all of time, without the fear of death. Thereby they allowed themselves the freedom to study their arts at their leisure and with as much depth as they could withstand. The main body of the Gelid had other plans however. \n\nWithin a few hundred years of their arrival on Ireth Lassel, the main Gelid force apparently returned and set fire to their tomes, and destroyed all of the Disciples of the Blood of the World. There was little in the writings to suggest that there were factions but artifacts that I uncovered whilst in their construction led me to believe that this is the case.\n"
			},
			{
				"authorID":        4294967295,
				"authorName": "Gaerlan",
				"authorAccount": "prewritten",
				"ignoreAuthor":             0,
				"pageText": "With the extinction of their kind, this information would have been lost to time. Never uncovered and looked on a fable of a hidden library...\n\nI have discovered, in their writings that they were near a breakthrough. Further they had begun construction on something that would rival anything that Empyreans have ever succeeded at before. Perhaps even greater than the Forges of Aerlinthe.\n\n"
			},
			{
				"authorID":        4294967295,
				"authorName": "Gaerlan",
				"authorAccount": "prewritten",
				"ignoreAuthor":             0,
				"pageText": "Mana (The Blood of the World)\n\nBeneath the crust of the world, exists a lifeblood, that flows from one focal point to another. Whatever came before, the Old Ones, the Gromnatross, placed a series of markers, that highlighted positions of  immense concentration. The Gelid studied these points, by ways that I cannot discern. (Several tomes are burned beyond repair and recognition.) \n\nThey found that there were four poles, for lack of a more satisfying term that held more power than any other. There using their command of Geomantic arts they dug \n"
			},
			{
				"authorID":        4294967295,
				"authorName": "Gaerlan",
				"authorAccount": "prewritten",
				"ignoreAuthor":             0,
				"pageText": "into the earth and created, large stone structures. But the progress there was muted as they hit a point at which they were rebuffed by the Blood's own essence.\n\nIt was then they chose another approach. Utilizing their control of Geomancy again, they began crafting a new column that surrounded the focus of these Vein's. Here they constructed huge furnaces that were meant to collect the excess Blood (mana) from within the shell of the world.\n\nTheir works were completed but the devices were never set into motion. They lay dormant as of the writing of this book.\n"
			},
			{
				"authorID":        4294967295,
				"authorName": "Gaerlan",
				"authorAccount": "prewritten",
				"ignoreAuthor":             0,
				"pageText": "I have visited each of these devices and felt the surge from within the world itself, and will attest that there is a palpable feeling of power within those places. But there is a problem with direct access to the cisterns.\n\nAttempts to put myself into the vent, has often placed me at dangerous positions, and the collection of the Blood (mana) leads to a seepage that grows into tangible evidence of what the Gelid were trying to prove.\n\nGelid Theory of Blood\n\nTheir Falatacot ancestors believed that the power of the world flowed even through \n"
			},
			{
				"authorID":        4294967295,
				"authorName": "Gaerlan",
				"authorAccount": "prewritten",
				"ignoreAuthor":             0,
				"pageText": "their very veins. They would bloodlet, and sacrifice all in the name of their Old Gods, to draw themselves closer to the Blood of the World.\n\nThis practice was looked on by the Gelid, but because of the alteration that they made to their forms they were unable to harness the power of the blood any longer. Instead their scholars spent time \"dreaming\" new ways to access the Blood of the World.\n\nIt was in the writings of one philosopher, that the Blood of the Earth was made of intrinsic elements. Each one powering the different forms of magic that each being \n"
			},
			{
				"authorID":        4294967295,
				"authorName": "Gaerlan",
				"authorAccount": "prewritten",
				"ignoreAuthor":             0,
				"pageText": "could harness through teaching and craft.\n\nThe theory went on to explain the many forms of magic that the Falatacot once theorized existed. The Gelid philosopher set forth the idea, that there were four that stood tantamount above all others. \n\nThis theory became the basis for the Disciples. One that they employed in everything that they would do.\n\nElementary Magic\n\nThe force of destruction, cleansing flame. The Gelid, believed that magma flowing\n"
			},
			{
				"authorID":        4294967295,
				"authorName": "Gaerlan",
				"authorAccount": "prewritten",
				"ignoreAuthor":             0,
				"pageText": "from within a mountain was nothing more than an aspect of the Blood of the World. The began studying and collecting evidence as such and toyed with the effects of Geomancy upon it.\n\nThey discovered nothing. \n\nBooks go on to explain further theories, until one theorizes the possibility of a heretofor untapped source of magic. The tome crumbled to dust as I completed my translation so I believe that I am the last being that knows, and perhaps will ever know, the truth of how this was developed.\n"
			},
			{
				"authorID":        4294967295,
				"authorName": "Gaerlan",
				"authorAccount": "prewritten",
				"ignoreAuthor":             0,
				"pageText": "If the the Blood of the World is represented in one aspect as a pool of liquid magma, why is it not possible for there to be more than one of these types of tangible representations.\n\nThis theory gave rise to the Disciples own unique magic, Refracted Mana, or as I have stated Elementary Magic, as it breaks the core of mana, into four equal parts.\n\nConsumption - Fire\nStimulation - Lightning\nStasis - Frost\nDecay/Entropy - Acid\n"
			},
			{
				"authorID":        4294967295,
				"authorName": "Gaerlan",
				"authorAccount": "prewritten",
				"ignoreAuthor":             0,
				"pageText": "Consumption - Fire\n\nConsumption was the first element that the Disciples worked their new magic upon. Using aspects of Demiurgy and Geomancy they plodded through the thought of how to give life to that which did not live.\n\nTheir efforts fused learned understanding of Demiurgy, creation of golems and such, with their understanding of Geomancy, the working of the world itself. In the end they had created a new magic, that used various aspects of these two learned schools, by way of telepathically awakening the slumbering shard of essence within the \n"
			},
			{
				"authorID":        4294967295,
				"authorName": "Gaerlan",
				"authorAccount": "prewritten",
				"ignoreAuthor":             0,
				"pageText": "concentrated pool of blood.\n\nThe first example is recounted here:\n\nWe have sequestered a small amount of magma, taken from the balefire near the Tenkarradum fault. When we reached into the syphoned aspect of the world's blood (mana) we were greeted with a question?\n\nWho has awakened me?\n\nOur response was swift and concise; we are your masters.\n\nThis recounting showed the first effective \n"
			},
			{
				"authorID":        4294967295,
				"authorName": "Gaerlan",
				"authorAccount": "prewritten",
				"ignoreAuthor":             0,
				"pageText": "use of all three former magical aspects. They were further refined over the decades and became as swift as calling forth a being to serve you by simply finding the an area attuned to the basic type you needed at a moment.\n\nThe process however was taxing.\n\nStimulation - Lightning\n\nStimulation was the second element that the Disciples attempted to harness. \n\nIn their creation of Elemental servitors of flame the Disciples found that they drained\n"
			},
			{
				"authorID":        4294967295,
				"authorName": "Gaerlan",
				"authorAccount": "prewritten",
				"ignoreAuthor":             0,
				"pageText": "much of themselves in the process.\n\nThey believed that since fire was associated with destruction it was hampering the recovery of their contact with the Blood. Since they had theorized and come to believe that lightning was stimulus they employed the same tactics upon the lightning that they had the flame.\n\nIt worked:\n\nAs the air sparked to life, and I called it forth to do my bidding I was struck down as a charge coursed through my bones. Fortune smiled on me as I remained \n"
			},
			{
				"authorID":        4294967295,
				"authorName": "Gaerlan",
				"authorAccount": "prewritten",
				"ignoreAuthor":             0,
				"pageText": "predominantly intact and saw the form of an element composed of lightning kneeling before me. However, the process still left me drained.\n\nThe theory was disproven, and it was decided that the summoning and binding of elementals was always going to be an experience that would drain the summoner.\n\nStasis  and Decay - Frost and Acid\n\nWith their experience of summoning the fire and lightning elementals proving to be a drain upon them the Gelid Disciples chose to not summon the beings of frost \n"
			},
			{
				"authorID":        4294967295,
				"authorName": "Gaerlan",
				"authorAccount": "prewritten",
				"ignoreAuthor":             0,
				"pageText": "Though there is no written text to support the theory, I have surmised that they feared that they would be locked into a stasis that would damn their undead forms forever.\n\nLikewise, they refused to summon and bind beings of acid. Perhaps thinking that they would speed the process of decay.\n\nWhatever their reasoning, they ceased further expansion into the realm of summoning, personally. Instead their focus toward a larger scale. The Cisterns.\n\nCistern\nDescriptions of these devices are complete \n"
			},
			{
				"authorID":        4294967295,
				"authorName": "Gaerlan",
				"authorAccount": "prewritten",
				"ignoreAuthor":             0,
				"pageText": "to the smallest detail. They were true artisans these, Disciples, and though they were never able to achieve the end goal of their constructions they provided valuable blueprints for any that would follow in their path.\n\nEach Cistern was created to be a form of battery for the creation of beings of pure mana given palpable form. As such each cistern was carved into the earth and reach near to the center of the world, or so they believed. In my estimation the chimneys could not possibly reach that far. But nevertheless they are some of the deepest structures that I have ever seen. In each of\n"
			},
			{
				"authorID":        4294967295,
				"authorName": "Gaerlan",
				"authorAccount": "prewritten",
				"ignoreAuthor":             0,
				"pageText": "these cisterns, quarters were developed for the overseer. Though they were never used they were stocked with magical devices that would grant the overseer protection from the harshness of being in such close proximity to the distilled Blood (mana). There was a minor cost, but it was a pittance when compared to what these overseers would command in terms of power.\n\nThe Cisterns, would need an imprint. \n\nI have gathered through what knowledge I have been able to garner in this place, and my understanding of Dericost magic that\n"
			},
			{
				"authorID":        4294967295,
				"authorName": "Gaerlan",
				"authorAccount": "prewritten",
				"ignoreAuthor":             0,
				"pageText": "an imprint is a mind, or memory  that would be responsible for controlling the beings summoned forth from the Blood. Alternately an imprint can be thrust onto or into an object to store individual or shared memories. Abstract in function, such rituals could truly serve a grand purpose. I will persue in a later treatise.\n\nFor the Disciples, the Overseers would be that imprint, those that controlled each aspect of the Blood of the World. The power that they would command would be akin to what the Old Man possesses.\n\nAnd therein lies the rub.\n"
			},
			{
				"authorID":        4294967295,
				"authorName": "Gaerlan",
				"authorAccount": "prewritten",
				"ignoreAuthor":             0,
				"pageText": "Each of these Cisterns would be capable of creating an army of aspected beings that listen to the clarion call of one mind. Four minds that would control the embodiment of the Blood of the World.\n\nTheir society, from what I have ascertained was one that was based on unbelievable trust and companionship. There was an implicit belief that each was bound to the other in an unending circle of devotion that would keep them safe from outside interference and corruption.\n\nTheir destruction within their great library and the halls beyond are evidence to the \n"
			},
			{
				"authorID":        4294967295,
				"authorName": "Gaerlan",
				"authorAccount": "prewritten",
				"ignoreAuthor":             0,
				"pageText": "contrary.\n\nNevertheless, the four overseers never took their positions and the cisterns lay dormant for the countless years between then and now.\n\nApplication\n\nI have taken my residence in each of these places, these Cisterns, and let the power of the Blood of the World flow through me. In the Temple of the Aspect of Flame I have encountered several of these beings of flame. They did not recognize me as anything other than a violator of the secret \n"
			},
			{
				"authorID":        4294967295,
				"authorName": "Gaerlan",
				"authorAccount": "prewritten",
				"ignoreAuthor":             0,
				"pageText": "pacts drawn long ago with their Disciple masters.\n\nMy first excursions into their holds were met with resistance and I balked at pressing them, and beginning a battle with them. I do not doubt that Heiromancy could be used to destroy the lesser beings, or even the greater beings, but I had an alternative method that I could attempt to use.\n\nThe Disciples had given me all the knowledge that was necessary to create and bind my own elementals to me, but I was unsure of the havoc that it would wreak upon my being. So I had treaded on the side \n"
			},
			{
				"authorID":        4294967295,
				"authorName": "Gaerlan",
				"authorAccount": "prewritten",
				"ignoreAuthor":             0,
				"pageText": "of caution until a time I saw fit to test their arts to see what would come of it.\n\nI could not have been more impressed, surprised, or pleased by the results of my first and every subsequent meeting.\n\nI have slowly but surely brought all of the beings of fire under my sway, and have begun entreating those of lightning as well. The process is taxing, but my living matter regains strength much faster than the Disciples, who in their undead state appear to have suffered a much greater drain.\n\nIn time I should be able to bring all of these \n"
			},
			{
				"authorID":        4294967295,
				"authorName": "Gaerlan",
				"authorAccount": "prewritten",
				"ignoreAuthor":             0,
				"pageText": "cisterns into functional use and thereby create an army of these beings that will heed my call and do my whim.\n\n(Translator's note: Here there is a discrepancy of time, the writer goes on to explain events that seem to have happened a great many years in the future. There is a noticeable leap in logic that suggest that there are companion tomes to this one. The writer alluded to one such tome, in a previous passage when he mentions pursuing knowledge of \"Imprinting\" perhaps there is more to be found?)\n"
			},
			{
				"authorID":        4294967295,
				"authorName": "Gaerlan",
				"authorAccount": "prewritten",
				"ignoreAuthor":             0,
				"pageText": "The cisterns function very well. I have imprinted the orders from my mind into a powerful receptacle and begun the harvest of the pure force of mana from within the world. The teachings of the Disciples were adequate, but my further study have granted me a depth of understanding that they were never able to achieve.\n\nI have even seen the fusion of aspects of the mana coalesce and join before my eyes. These beings are more intelligent, free-willed as well, but they are still well within the realm of my control.\n\nAt this point, my treading with the fire and \n"
			},
			{
				"authorID":        4294967295,
				"authorName": "Gaerlan",
				"authorAccount": "prewritten",
				"ignoreAuthor":             0,
				"pageText": "lightning aspects of the mana have proven most beneficial. They call me by name upon their summoning now and are beginning to show some indication of being linked to the Blood even though they are separated from it.\n\nIt has also become apparent, through a somewhat disconcerting mean, that more powerful beings from the mana are capable of bringing forth lesser beings of their aspect. Though they are less intelligible and powerful then their greaters, they are not bound to my will directly and this is a practice that I have taken to quashing amongst the few that I have seen do so.\n"
			},
			{
				"authorID":        4294967295,
				"authorName": "Gaerlan",
				"authorAccount": "prewritten",
				"ignoreAuthor":             0,
				"pageText": "I have spent many years now within these cisterns, preparing for the revenge that is do my brother. I grow in power each day and though the frost and acid beings are slow to mature, I have seen progress.\n\nMy travels have also lead me to a new hold, one far greater than the cisterns themselves. \nHere I will be able to see the rise of my army, so that I may right what was done wrong.\n\nHe shall pay.\n"
			},
			{
				"authorID":        4294967295,
				"authorName": "Translator's Notes",
				"authorAccount": "prewritten",
				"ignoreAuthor":             0,
				"pageText": "(Again there is a discrepancy of time, this seems to allude to the period just before what we have come to know as the flight of the Empyrean.)\n"
			},
			{
				"authorID":        4294967295,
				"authorName": "Gaerlan",
				"authorAccount": "prewritten",
				"ignoreAuthor":             0,
				"pageText": "Pretentious fool. They come because of him. My brothers killers, they have begun pouring over our lands devouring all that comes in their way. \n\nI had just brought the embodiment of my armies into my citadel...and the Olthoi poured through the temple gates. Each of the cisterns is overrun, the rituals intact but the imprints have been destroyed shattered, and fallen.\n\nMy army fights now to see that they survive, and in those places where they are summoned still my other servitors will defend. But in time they will be destroyed.\n"
			},
			{
				"authorID":        4294967295,
				"authorName": "Gaerlan",
				"authorAccount": "prewritten",
				"ignoreAuthor":             0,
				"pageText": "I must strike now, while the iron is hot, drive my hate into him and see him brought low to be justly accused of his transgression. His crime. His murder.\n\nI am coming for you Old Man...\n\nYou shall be judged for D\n\n(Translator's Note: It can be assumed that the author intended to complete his sentence, but there is nothing more to suggest he had the chance. The lack of bloodstains suggests that they simply stopped. There is a blot of ink that rests near where the next letter would have \n"
			},
			{
				"authorID":        4294967295,
				"authorName": "Translator's Notes",
				"authorAccount": "prewritten",
				"ignoreAuthor":             0,
				"pageText": "begun but there is no way to determine what the intended word was to to be. A proper name, perhaps a named crime. Regardless, the abrupt break suggests that the author simply stopped writing, was forced to stop writing or other foul befell them.)\n"
			}
		]
	}
}