{
	"wcid": 15795,	"_comment": "Linaural Urilaentai(tomeelemental)",
	"weenieType": 8,	"_comment2": "Book",
	"stringStats":[
		{"key":  16,	"value": "A tome of four distinct colors, fasted in an iron bound leather binding. Surprising light for such a large tome, the book bears no scent of age, though it is written in an old for of Empyrean. It can only be translated by one skilled in the Empyrean languages.",	"_comment": "LongDesc"},
		{"key":   1,	"value": "Linaural Urilaentai",	"_comment": "Name"},
		{"key":  14,	"value": "This book is written in Yalaini and must be translated.",	"_comment": "Use"},
		{"key":  15,	"value": "A tome of four distinct colors, fasted in an iron bound leather binding.",	"_comment": "ShortDesc"}
	],
	"intStats":[
		{"key":  33,	"value":          0,	"_comment": "Bonded = Normal_BondedStatus"},
		{"key":   9,	"value":          0,	"_comment": "ValidLocations = None_Loc"},
		{"key":   1,	"value":       8192,	"_comment": "ItemType = Type_Writable"},
		{"key":  19,	"value":          0,	"_comment": "Value"},
		{"key":   3,	"value":         82,	"_comment": "PaletteTemplate"},
		{"key":  93,	"value":       1044,	"_comment": "PhysicsState = Ethereal_PS, Ignore_Collisions_PS, Gravity_PS"},
		{"key":   5,	"value":         25,	"_comment": "EncumbranceVal"},
		{"key":  16,	"value":          8,	"_comment": "ItemUseable = Useable_Contained"},
		{"key":   8,	"value":         15,	"_comment": "Mass"}
	],
	"boolStats":[
		{"key":  22,	"value":          0,	"_comment": "Inscribable"}
	],
	"floatStats":[
		{"key":  54,	"value": 1.00000000,	"_comment": "UseRadius"}
	],
	"didStats":[
		{"key":   1,	"value":   33556929,	"_comment": "Setup"},
		{"key":   3,	"value":  536870932,	"_comment": "SoundTable"},
		{"key":  22,	"value":  872415275,	"_comment": "PhysicsEffectTable"},
		{"key":   6,	"value":   67113005,	"_comment": "PaletteBase"},
		{"key":   7,	"value":  268436360,	"_comment": "ClothingBase"},
		{"key":   8,	"value":  100672794,	"_comment": "Icon"}
	],
	"pageDataList": {
		"maxNumPages":           1,
		"maxNumCharsPerPage": 1000,
		"pages": [
			{
				"authorID":        4294967295,
				"authorName": "Unknown",
				"authorAccount": "prewritten",
				"ignoreAuthor":             0,
				"pageText": "\n[You cannot read this, and must bring it to a translator.]\n"
			}
		]
	}
}