{
	"wcid": 15801,	"_comment": "A Letter of Correspondence(letterthorstenarmor3)",
	"weenieType": 8,	"_comment2": "Book",
	"stringStats":[
		{"key":   1,	"value": "A Letter of Correspondence",	"_comment": "Name"},
		{"key":  15,	"value": "A letter from Elysa Strathelar to Lania Cartoth.",	"_comment": "ShortDesc"}
	],
	"intStats":[
		{"key":  33,	"value":          1,	"_comment": "Bonded = Bonded_BondedStatus"},
		{"key":   9,	"value":          0,	"_comment": "ValidLocations = None_Loc"},
		{"key":   1,	"value":       8192,	"_comment": "ItemType = Type_Writable"},
		{"key":  93,	"value":       1044,	"_comment": "PhysicsState = Ethereal_PS, Ignore_Collisions_PS, Gravity_PS"},
		{"key":   5,	"value":         25,	"_comment": "EncumbranceVal"},
		{"key":  16,	"value":          8,	"_comment": "ItemUseable = Useable_Contained"},
		{"key":   8,	"value":          5,	"_comment": "Mass"},
		{"key":  19,	"value":          0,	"_comment": "Value"},
		{"key": 114,	"value":          1,	"_comment": "Attuned = Attuned_AttunedStatus"}
	],
	"boolStats":[
		{"key":  22,	"value":          0,	"_comment": "Inscribable"},
		{"key":  23,	"value":          1,	"_comment": "DestroyOnSell"}
	],
	"floatStats":[
		{"key":  54,	"value": 1.00000000,	"_comment": "UseRadius"}
	],
	"didStats":[
		{"key":   1,	"value":   33554773,	"_comment": "Setup"},
		{"key":   3,	"value":  536870932,	"_comment": "SoundTable"},
		{"key":   8,	"value":  100672829,	"_comment": "Icon"},
		{"key":  22,	"value":  872415275,	"_comment": "PhysicsEffectTable"}
	],
	"pageDataList": {
		"maxNumPages":           3,
		"maxNumCharsPerPage": 1000,
		"pages": [
			{
				"authorID":        4294967295,
				"authorName": "Elysa Strathelar",
				"authorAccount": "prewritten",
				"ignoreAuthor":             0,
				"pageText": "Dearest Lania,\n\nThorsten's tomb has been complete for some time now and work progresses at a fine pace on this town, which will bear his name. The other night I had a dream.  I believe it was a dream. I dreamt that I rose from bed in the darkness of early morning and journeyed to a bluff overlooking the lake.  I gazed down at the Isle of Tears. Mist lay draped about the isle in ragged sheets like a beggar's garb. From out of the mist strode Thorsten, walking in a slow, floating gait. Unhurried, as if he had all eternity to reach me. His usually strong features were\n"
			},
			{
				"authorID":        4294967295,
				"authorName": "",
				"authorAccount": "prewritten",
				"ignoreAuthor":             0,
				"pageText": "hazy, not fully defined as the mist swirled about him, seemingly through him at moments.  I understood deep inside that I was seeing a shade of Thorsten, his ghost.  As he drew near I saw his eyes were locked on mine, and yet they focused beyond me as though searching for my soul that had been rended from the shell of my body.  As I reached for his hand he dissolved into mist. I implored him to return but there was only the swirling mist and pre-dawn silence.  I awoke wiping away tears.  I was standing by my bed, my feet muddied.  Had it only been a dream? I wonder when else\n"
			},
			{
				"authorID":        4294967295,
				"authorName": "",
				"authorAccount": "prewritten",
				"ignoreAuthor":             0,
				"pageText": "I might see him. Thorsten's armor stands in the corner of my room, watching me with hollow eyes. Having seen Thorsten on the bluff, even if it was but a dream, I feel less of his presence within it and more within me.  It is comforting.\n\nElysa\n"
			}
		]
	}
}