{
	"wcid": 15803,	"_comment": "A faithful copy of Elysa Strathelar's Letter to Lania Cartoth.(letterthorstenarmor4copy)",
	"weenieType": 8,	"_comment2": "Book",
	"stringStats":[
		{"key":   1,	"value": "A faithful copy of Elysa Strathelar's Letter to Lania Cartoth.",	"_comment": "Name"},
		{"key":  15,	"value": "A faithful copy of Elysa Strathelar's Letter to Lania Cartoth.",	"_comment": "ShortDesc"}
	],
	"intStats":[
		{"key":  33,	"value":          1,	"_comment": "Bonded = Bonded_BondedStatus"},
		{"key":   9,	"value":          0,	"_comment": "ValidLocations = None_Loc"},
		{"key":   1,	"value":       8192,	"_comment": "ItemType = Type_Writable"},
		{"key":  93,	"value":       1044,	"_comment": "PhysicsState = Ethereal_PS, Ignore_Collisions_PS, Gravity_PS"},
		{"key":   5,	"value":         25,	"_comment": "EncumbranceVal"},
		{"key":  16,	"value":          8,	"_comment": "ItemUseable = Useable_Contained"},
		{"key":   8,	"value":          5,	"_comment": "Mass"},
		{"key":  19,	"value":          0,	"_comment": "Value"},
		{"key": 114,	"value":          1,	"_comment": "Attuned = Attuned_AttunedStatus"}
	],
	"boolStats":[
		{"key":  22,	"value":          1,	"_comment": "Inscribable"},
		{"key":  23,	"value":          1,	"_comment": "DestroyOnSell"}
	],
	"floatStats":[
		{"key":  54,	"value": 1.00000000,	"_comment": "UseRadius"}
	],
	"didStats":[
		{"key":   1,	"value":   33554773,	"_comment": "Setup"},
		{"key":   3,	"value":  536870932,	"_comment": "SoundTable"},
		{"key":   8,	"value":  100672829,	"_comment": "Icon"},
		{"key":  22,	"value":  872415275,	"_comment": "PhysicsEffectTable"}
	],
	"pageDataList": {
		"maxNumPages":           3,
		"maxNumCharsPerPage": 1000,
		"pages": [
			{
				"authorID":        4294967295,
				"authorName": "Elysa Strathelar",
				"authorAccount": "prewritten",
				"ignoreAuthor":             0,
				"pageText": "Dearest Lania,\n\nYou have written to me in the past that you are wary of Asheron's motives.  I have not been able to convince you otherwise, but you should understand that I must trust him and have faith in his positive intentions.  I believe all Isparians should have this faith for there are sure to be struggles yet to come in which we will require his aid.\n\nOn another matter; I wrote you once that I could not bear to bury Thorsten's armor or axe with his body. Though I kept them with me,  it came upon me one day that I\n"
			},
			{
				"authorID":        4294967295,
				"authorName": "",
				"authorAccount": "prewritten",
				"ignoreAuthor":             0,
				"pageText": "was being a mite selfish.  Thorsten did not belong to me alone.  He fought for all Isparians trapped in this land and his memory is not my property. \n\nNor are his most important effects which symbolize his struggle and his fate.  Thus, Asheron has arranged for Thorsten's armor and axe to be secreted away at an ancient Empyrean site.  Let them be saved for a day whence they are needed as symbols of unity and a struggle our brethren should never forget.  Perhaps someday my son will be required to wear the armor and swing Thorsten's axe in defense of his family, his people.  I fear such a day but, alas, I must\n"
			},
			{
				"authorID":        4294967295,
				"authorName": "",
				"authorAccount": "prewritten",
				"ignoreAuthor":             0,
				"pageText": "prepare for it.  Thus, the chamber that houses Thorsten's Tomb also contains a secret...   If it ever were necessary, just remember our girlhood dreams and you may find its direction.  Do not venture there however- what lies beyond is well guarded by watchful eyes. \n\nFondly,\n\nElysa\n"
			}
		]
	}
}