{
	"wcid": 15804,	"_comment": "Elysa Strathelar's Letter to Lania Cartoth(letterthorstenarmor5)",
	"weenieType": 8,	"_comment2": "Book",
	"stringStats":[
		{"key":   1,	"value": "Elysa Strathelar's Letter to Lania Cartoth",	"_comment": "Name"},
		{"key":  15,	"value": "A letter from Elysa Strathelar to Lania Cartoth.",	"_comment": "ShortDesc"}
	],
	"intStats":[
		{"key":  33,	"value":          1,	"_comment": "Bonded = Bonded_BondedStatus"},
		{"key":   9,	"value":          0,	"_comment": "ValidLocations = None_Loc"},
		{"key":   1,	"value":       8192,	"_comment": "ItemType = Type_Writable"},
		{"key":  93,	"value":       1044,	"_comment": "PhysicsState = Ethereal_PS, Ignore_Collisions_PS, Gravity_PS"},
		{"key":   5,	"value":         25,	"_comment": "EncumbranceVal"},
		{"key":  16,	"value":          8,	"_comment": "ItemUseable = Useable_Contained"},
		{"key":   8,	"value":          5,	"_comment": "Mass"},
		{"key":  19,	"value":          0,	"_comment": "Value"},
		{"key": 114,	"value":          1,	"_comment": "Attuned = Attuned_AttunedStatus"}
	],
	"boolStats":[
		{"key":  22,	"value":          0,	"_comment": "Inscribable"},
		{"key":  23,	"value":          1,	"_comment": "DestroyOnSell"}
	],
	"floatStats":[
		{"key":  54,	"value": 1.00000000,	"_comment": "UseRadius"}
	],
	"didStats":[
		{"key":   1,	"value":   33554773,	"_comment": "Setup"},
		{"key":   3,	"value":  536870932,	"_comment": "SoundTable"},
		{"key":   8,	"value":  100672829,	"_comment": "Icon"},
		{"key":  22,	"value":  872415275,	"_comment": "PhysicsEffectTable"}
	],
	"pageDataList": {
		"maxNumPages":           4,
		"maxNumCharsPerPage": 1000,
		"pages": [
			{
				"authorID":        4294967295,
				"authorName": "Elysa Strathelar",
				"authorAccount": "prewritten",
				"ignoreAuthor":             0,
				"pageText": "Dearest Lania,\n\nI know you mean the best, but your distrust of Asheron is a burden on me. He is a being of great power, this you know.  Asheron is able to wield forces beyond that which we knew on Ispar. You question- what good is power when its very use brings disaster and pain through unintended consequences?  He first brought the Olthoi scourge upon this world, then wielded great magic to help his brethren escape the scourge whilst trapping our people evermore in this land. He presented me the means to slay the Olthoi Queen and slay her I did. Yet, \n"
			},
			{
				"authorID":        4294967295,
				"authorName": "",
				"authorAccount": "prewritten",
				"ignoreAuthor":             0,
				"pageText": "through my fault or no, it resulted in the death of my beloved.  You say Asheron's hand wields great power yet, though his intentions seem positive, always and suspiciously, there seem to be unpurposed outcomes contrary to his purposes.\n\nYou last wrote me that you have been studying the Empyrean to formulate a supposition of evil intent. I know you believe Asheron's purposes are other than that declared, yet lately this appears to have become an obsession with you. I know not what I may say to convince you otherwise! Asheron used his art to secret away \n"
			},
			{
				"authorID":        4294967295,
				"authorName": "",
				"authorAccount": "prewritten",
				"ignoreAuthor":             0,
				"pageText": "Thorsten's armor and axe but this you do not believe. Tis' true that I could not be present when this feat was done, nor am I able to journey there myself.  But I have faith that this was accomplished, though I cannot prove it to you. \n\nYou think to venture there and see for yourself if all is as Asheron promised it would be. For your sake and the sake of your little brother I beg of you to leave this matter of seeking proof be! There would be deadly forces to contend with, and I understand the Undead have also inhabited that place. Do not venture there! \n"
			},
			{
				"authorID":        4294967295,
				"authorName": "",
				"authorAccount": "prewritten",
				"ignoreAuthor":             0,
				"pageText": "Forever your friend,\n\nElysa\n"
			}
		]
	}
}