{
	"wcid": 16904,	"_comment": "A List of Raiding Creatures(letterarcanumhunter)",
	"weenieType": 8,	"_comment2": "Book",
	"stringStats":[
		{"key":  16,	"value": "A note hastily written by Nuhmudira. A strange symbol is scribbled at the bottom.",	"_comment": "LongDesc"},
		{"key":   1,	"value": "A List of Raiding Creatures",	"_comment": "Name"},
		{"key":  15,	"value": "A note hastily written by Nuhmudira.",	"_comment": "ShortDesc"}
	],
	"intStats":[
		{"key":   9,	"value":          0,	"_comment": "ValidLocations = None_Loc"},
		{"key":   1,	"value":       8192,	"_comment": "ItemType = Type_Writable"},
		{"key":  93,	"value":       1044,	"_comment": "PhysicsState = Ethereal_PS, Ignore_Collisions_PS, Gravity_PS"},
		{"key":   5,	"value":         25,	"_comment": "EncumbranceVal"},
		{"key":  16,	"value":          8,	"_comment": "ItemUseable = Useable_Contained"},
		{"key":   8,	"value":          5,	"_comment": "Mass"},
		{"key":  19,	"value":          0,	"_comment": "Value"},
		{"key": 114,	"value":          1,	"_comment": "Attuned = Attuned_AttunedStatus"}
	],
	"boolStats":[
		{"key":  22,	"value":          0,	"_comment": "Inscribable"}
	],
	"floatStats":[
		{"key":  54,	"value": 1.00000000,	"_comment": "UseRadius"}
	],
	"didStats":[
		{"key":   1,	"value":   33554773,	"_comment": "Setup"},
		{"key":   3,	"value":  536870932,	"_comment": "SoundTable"},
		{"key":   8,	"value":  100668176,	"_comment": "Icon"},
		{"key":  22,	"value":  872415275,	"_comment": "PhysicsEffectTable"}
	],
	"pageDataList": {
		"maxNumPages":           1,
		"maxNumCharsPerPage": 1000,
		"pages": [
			{
				"authorID":        4294967295,
				"authorName": "Arcanum",
				"authorAccount": "prewritten",
				"ignoreAuthor":             0,
				"pageText": "These are the creatures that were present at the raid on our stores:\nBanderling Berserkers\nBanderling Strikers\nBrutish Monougas\nFerocious Monougas\nVirulent Grievvers\nScrawed Grievvers\nDrudge Stalkers, Raveners, and Lurkers\nLich Lords\nMosswart Fanatics, Idolaters, Soul Trappers, and Zealots.\nIf your men find any please see if they have trinkets from our stores.\n"
			}
		]
	}
}