{
	"wcid": 16908,	"_comment": "Settlement Portals(statueresidentialhalls)",
	"weenieType": 8,	"_comment2": "Book",
	"stringStats":[
		{"key":   1,	"value": "Settlement Portals",	"_comment": "Name"}
	],
	"intStats":[
		{"key":   1,	"value":       8192,	"_comment": "ItemType = Type_Writable"},
		{"key":  19,	"value":        125,	"_comment": "Value"},
		{"key":   3,	"value":          8,	"_comment": "PaletteTemplate"},
		{"key":  93,	"value":       1048,	"_comment": "PhysicsState = Report_Collisions_PS, Ignore_Collisions_PS, Gravity_PS"},
		{"key":   5,	"value":       9000,	"_comment": "EncumbranceVal"},
		{"key":  16,	"value":         48,	"_comment": "ItemUseable = Useable_Viewed_Remote"},
		{"key":   8,	"value":       1800,	"_comment": "Mass"}
	],
	"boolStats":[
		{"key":   1,	"value":          1,	"_comment": "Stuck"},
		{"key":  12,	"value":          1,	"_comment": "ReportCollisions"},
		{"key":  13,	"value":          0,	"_comment": "Ethereal"},
		{"key":  22,	"value":          0,	"_comment": "Inscribable"}
	],
	"floatStats":[
		{"key":  12,	"value": 0.10000000,	"_comment": "Shade"},
		{"key":  54,	"value": 5.00000000,	"_comment": "UseRadius"}
	],
	"didStats":[
		{"key":   1,	"value":   33557660,	"_comment": "Setup"},
		{"key":   6,	"value":   67108990,	"_comment": "PaletteBase"},
		{"key":   7,	"value":  268436299,	"_comment": "ClothingBase"},
		{"key":   8,	"value":  100668115,	"_comment": "Icon"}
	],
	"pageDataList": {
		"maxNumPages":           1,
		"maxNumCharsPerPage": 1000,
		"pages": [
			{
				"authorID":        4294967295,
				"authorName":             " ",
				"authorAccount": "prewritten",
				"ignoreAuthor":             0,
				"pageText": " \n\nNo parties after midnight.\n"
			}
		]
	}
}