{
	"wcid": 19480,	"_comment": "Crafting the Horn of Vigilance(hornofvigilanceinstructions)",
	"weenieType": 8,	"_comment2": "Book",
	"stringStats":[
		{"key":   1,	"value": "Crafting the Horn of Vigilance",	"_comment": "Name"},
		{"key":  15,	"value": "Instructions for Crafting the Horn of Vigilance",	"_comment": "ShortDesc"}
	],
	"intStats":[
		{"key":  33,	"value":          1,	"_comment": "Bonded = Bonded_BondedStatus"},
		{"key":   9,	"value":          0,	"_comment": "ValidLocations = None_Loc"},
		{"key":   1,	"value":       8192,	"_comment": "ItemType = Type_Writable"},
		{"key":  93,	"value":       1044,	"_comment": "PhysicsState = Ethereal_PS, Ignore_Collisions_PS, Gravity_PS"},
		{"key":   5,	"value":         25,	"_comment": "EncumbranceVal"},
		{"key":  16,	"value":          8,	"_comment": "ItemUseable = Useable_Contained"},
		{"key":   8,	"value":          5,	"_comment": "Mass"},
		{"key":  19,	"value":          0,	"_comment": "Value"},
		{"key": 114,	"value":          1,	"_comment": "Attuned = Attuned_AttunedStatus"}
	],
	"boolStats":[
		{"key":  22,	"value":          0,	"_comment": "Inscribable"},
		{"key":  23,	"value":          1,	"_comment": "DestroyOnSell"}
	],
	"floatStats":[
		{"key":  54,	"value": 1.00000000,	"_comment": "UseRadius"}
	],
	"didStats":[
		{"key":   1,	"value":   33554771,	"_comment": "Setup"},
		{"key":   3,	"value":  536870932,	"_comment": "SoundTable"},
		{"key":   8,	"value":  100668117,	"_comment": "Icon"},
		{"key":  22,	"value":  872415275,	"_comment": "PhysicsEffectTable"}
	],
	"pageDataList": {
		"maxNumPages":           4,
		"maxNumCharsPerPage": 1000,
		"pages": [
			{
				"authorID":        4294967295,
				"authorName": "Telk the Addlepated",
				"authorAccount": "prewritten",
				"ignoreAuthor":             0,
				"pageText": "Telk the Addlepated wishes to thank thee for purchasing this Book of Instruction on Crafting the Horn of Vigilance.  The Horn should provide years of care-free service in repelling a variety of creatures. A mere four items are required for the material with which to craft the Horn. The four items required are:\n"
			},
			{
				"authorID":        4294967295,
				"authorName": "Telk the Addlepated",
				"authorAccount": "prewritten",
				"ignoreAuthor":             0,
				"pageText": "A large Niffis Shell\n\nThe Femur Bone of a Lich Lord\n\nA Tibia from a Virulent Grievver \n\nA Tusk from a Tusker Slave\n"
			},
			{
				"authorID":        4294967295,
				"authorName": "Telk the Addlepated",
				"authorAccount": "prewritten",
				"ignoreAuthor":             0,
				"pageText": "The large Niffis Shell must be carved to create the Base for the Horn.  Utilize a carving knife that may or may not have been provided to thee. The other three items must be carved to create three Upper Pipes.  Then mount each of the three Upper Pipes atop the Base Horn. Thus, the Horn is complete. It is just that effortless!\n\nTelk the Addlepated must alert thee to the fact that thy results with this instrument may vary.  Telk the Addlepated cannot be held responsible for loss of life, personal items or treasure should\n"
			},
			{
				"authorID":        4294967295,
				"authorName": "Telk the Addlepated",
				"authorAccount": "prewritten",
				"ignoreAuthor":             0,
				"pageText": "the Horn be used in a manner not suited to the use for which it is claimed to theoretically be utilized for, nor if thy Horn is used on nights when the moons are visible, days when the sun appears in the sky and during seasons of the year that are wet or dry.  Care must be taken in obtaining the items necessary for the construction of the Horn for some creatures do not easily give up body parts required for this instrument. Always carry a weapon and stay alert in the presence of Olthoi and other vermin.\n"
			}
		]
	}
}