{
	"wcid": 20015,	"_comment": "Treatise on Essence(tomeessenceasheron)",
	"weenieType": 8,	"_comment2": "Book",
	"stringStats":[
		{"key":   1,	"value": "Treatise on Essence",	"_comment": "Name"},
		{"key":  15,	"value": "A book penned by Asheron.",	"_comment": "ShortDesc"},
		{"key":   7,	"value": "Fathomless Chasm: 37S 63.5E",	"_comment": "Inscription"},
		{"key":   8,	"value": "Ciandra",	"_comment": "ScribeName"}
	],
	"intStats":[
		{"key":   9,	"value":          0,	"_comment": "ValidLocations = None_Loc"},
		{"key":   1,	"value":       8192,	"_comment": "ItemType = Type_Writable"},
		{"key":  93,	"value":       1044,	"_comment": "PhysicsState = Ethereal_PS, Ignore_Collisions_PS, Gravity_PS"},
		{"key":   5,	"value":        160,	"_comment": "EncumbranceVal"},
		{"key":  16,	"value":          8,	"_comment": "ItemUseable = Useable_Contained"},
		{"key":   8,	"value":        200,	"_comment": "Mass"},
		{"key":  19,	"value":          0,	"_comment": "Value"}
	],
	"boolStats":[
		{"key":  22,	"value":          1,	"_comment": "Inscribable"}
	],
	"floatStats":[
		{"key":  39,	"value": 1.22000000,	"_comment": "DefaultScale"}
	],
	"didStats":[
		{"key":   1,	"value":   33554771,	"_comment": "Setup"},
		{"key":   3,	"value":  536870932,	"_comment": "SoundTable"},
		{"key":   8,	"value":  100668117,	"_comment": "Icon"},
		{"key":  22,	"value":  872415275,	"_comment": "PhysicsEffectTable"}
	],
	"pageDataList": {
		"maxNumPages":          13,
		"maxNumCharsPerPage": 1000,
		"pages": [
			{
				"authorID":        4294967295,
				"authorName": "Asheron",
				"authorAccount": "prewritten",
				"ignoreAuthor":             0,
				"pageText": "I have for too long now, sat removed from you, turning a blind eye to the horrors that you have been subjected to so recently. \n\nCandeth Martine, has on at least one occasion tried to take my life, and has threatened the life of your High Queen's son. Now it appears that the monster means to awaken arts that have long been buried beneath the world in the forms of elemental magics.\n\nThere are reasons that those practices were halted and I shall espouse some of what I know on the subject here.\n"
			},
			{
				"authorID":        4294967295,
				"authorName": "Asheron",
				"authorAccount": "prewritten",
				"ignoreAuthor":             0,
				"pageText": "Magic is. There is no way around that, and here on Ireth Lassel, Dereth, to you and the other Isparians, the fields of magic and lines that run beneath Auberean are strongest. \n\nIt is here that we set up our grandest research facilities and established societies specifically for the furthering of magical arts. We were a race with little in the way of enemies, filled with a boundless curiosity. It was that curiousity that was our undoing. But we stopped several times before when we discerned a pattern, or rather a break in the pattern of what is.\n"
			},
			{
				"authorID":        4294967295,
				"authorName": "Asheron",
				"authorAccount": "prewritten",
				"ignoreAuthor":             0,
				"pageText": "Essence, is the term which I have come to use to describe what you call mana. It flows through every being regardless of whether they choose to harness it or not. Beneath the world it flows, and ebbs like the tides of the ocean, but instead of being on a set schedule, it moves through set patterns.\n\nAt the points where these pools have coalesced into tangible reality, what you call the Essence of Strife, Artifice etc... they have been pooled in what appears to be giant cisterns, whose sole purpose is the collection of the essence that flows beneath the world.\n"
			},
			{
				"authorID":        4294967295,
				"authorName": "Asheron",
				"authorAccount": "prewritten",
				"ignoreAuthor":             0,
				"pageText": "I have not spent much time in studying them. During the height of our age, my attentions were elsewhere, and their resurgence at the defeat of Bael'zharon made them appear as though they were something that my people had inadvertently stifled when we first trapped the Hopeslayer. So it was nothing more than a boon for you and yours when the magic of the world surged with power.\n\nBut now, I wonder.\n\nI have watched these placed and see something odd.\n"
			},
			{
				"authorID":        4294967295,
				"authorName": "Asheron",
				"authorAccount": "prewritten",
				"ignoreAuthor":             0,
				"pageText": "The workmanship is reminiscent of the Gelid Age. When those that once lived on the Gelid Plain struggled and toiled to reestablish their hold on the world against the Yalain and our allies. Their effort, you have seen before in the great work at Frore. A device established to syphon, the power of something else...\n\nI shall not go into a history lesson there. \n\nEssence is as magic is. It is an all encompassing force that can be broken\n"
			},
			{
				"authorID":        4294967295,
				"authorName": "Asheron",
				"authorAccount": "prewritten",
				"ignoreAuthor":             0,
				"pageText": "into to structured categories that are described by the various schools that you possess. To you and the other Isparians, there are four schools.\n\nTo Nuhmudira, and a few others who have attempted to decipher the arts that the Yalain once practiced there are several more. Though the effects that you can evoke differ greatly from what I can do. \n\nIt is not a slight to you Isparians, it simply is. In time as it has been shown by Nuhmudira, perhaps you could learn the greater aspects of magic, but I do not know. \n"
			},
			{
				"authorID":        4294967295,
				"authorName": "Asheron",
				"authorAccount": "prewritten",
				"ignoreAuthor":             0,
				"pageText": "Thus far it is only Nuhmudira and the altered human, Candeth Martine that have grasped the higher concepts of magic, and put them into use.\n\nFurther, essence is the whole. The completeness of magic and the understandings and working that it becomes. \n\nBorelean, Ely's son, has asked me on occasion where the elementals came from. I must confess that I took the liberty of telling him a falsity.\n"
			},
			{
				"authorID":        4294967295,
				"authorName": "Asheron",
				"authorAccount": "prewritten",
				"ignoreAuthor":             0,
				"pageText": "Elementals are an aspect of essence, coalesced, given form and given consciousness by a master. This practice took place within a very small sect of beings eons ago. Those beings were destroyed utterly, by their kin. The Gelid.\n\nThe ones that roamed Ireth Lassel for the past centuries, are remnants of those that were created by this cult, that was destroyed. They have no masters, besides themselves and it appears that they have the ability to create more.\n\nThis is not so frightening a thought, until\n"
			},
			{
				"authorID":        4294967295,
				"authorName": "Asheron",
				"authorAccount": "prewritten",
				"ignoreAuthor":             0,
				"pageText": "you take into account the process by which it appears that they were made.\n\nEssence was collected. Stolen in massive quantities from beneath the Menhir Rings, and forcibly bent into willing forms , imprinted with a connection to the summoner/binders mind. The essence took on an aspect of the element that it was most closely akin to. So that if the wellspring of essence came from near Mount Esper it was flame...etc...meaning that it took on it's basest form. But the siphoning of this power left the magic field weak and devoured the magic from the land.\n"
			},
			{
				"authorID":        4294967295,
				"authorName": "Asheron",
				"authorAccount": "prewritten",
				"ignoreAuthor":             0,
				"pageText": "The power instead was redirected into the masters of the \"elemental\", and the elemental itself. \n\nOver time it was thought that the elementals would siphon the conduits of essence under the world dry, leaving no room for magic other than its most base  forms upon the world. Meaning that those that practiced magic would become powerless, and the elementals would grow in power to a point where they could replicate themselves at an alarming rate. Perhaps even fusing together into types that could not be destroyed.\n"
			},
			{
				"authorID":        4294967295,
				"authorName": "Asheron",
				"authorAccount": "prewritten",
				"ignoreAuthor":             0,
				"pageText": "Fortunately, the Gelid quelled this renegade faction. \n\nA simple problem however remained. There were some elementals that were already imprinted with the connection to their masters, and when their masters died, these elementals were left with powerful shards of thought from their former masters. This made them able to create more of their ilk to sustain their line, so to speak, over the ages.\n\nNow, in the current age, your age. It has become apparent that Martine means to \n"
			},
			{
				"authorID":        4294967295,
				"authorName": "Asheron",
				"authorAccount": "prewritten",
				"ignoreAuthor":             0,
				"pageText": "awaken this long dead practice. He is unawares of the damage that he could possibly wreak. Or he consciously wishes to see this world destroyed.\n\nI will not see that happen, not because this is my world, because I will not see any more needless suffering here. To that end I have approached the Arcanum and have been assisting your High Queen with endeavours to bolster the Isparians.\n\nMy first such contact with the Arcanum yielded an unexpected find that I have dispatched my emissary to assist them with.\n"
			},
			{
				"authorID":        4294967295,
				"authorName": "Asheron",
				"authorAccount": "prewritten",
				"ignoreAuthor":             0,
				"pageText": "As hypocrtical as this may sound, I am opening a way to a font of essence. There you will collect pure mana so that you may forge new weapons from pyreal to better combat the enemies that will rise to face you. Use it wisely.\n\nI have dispatched diggers to a place near the Sho village Sawato. There they will construct a place of safe passage to the essence font. You can then collect the essence and return to your Arcanum for furhter assistance. I have taught them all I know.\n\n"
			}
		]
	}
}