{
	"wcid": 20228,	"_comment": "Slithe Tradittor's Notes.(arcanepedestalnotes)",
	"weenieType": 8,	"_comment2": "Book",
	"stringStats":[
		{"key":  16,	"value": "A sheet of parchment with notes by Slithe Tradittor.",	"_comment": "LongDesc"},
		{"key":   1,	"value": "Slithe Tradittor's Notes.",	"_comment": "Name"},
		{"key":  15,	"value": "Slithe Tradittor's Field Notes.",	"_comment": "ShortDesc"}
	],
	"intStats":[
		{"key":   9,	"value":          0,	"_comment": "ValidLocations = None_Loc"},
		{"key":   1,	"value":       8192,	"_comment": "ItemType = Type_Writable"},
		{"key":  93,	"value":       1044,	"_comment": "PhysicsState = Ethereal_PS, Ignore_Collisions_PS, Gravity_PS"},
		{"key":   5,	"value":         25,	"_comment": "EncumbranceVal"},
		{"key":  16,	"value":          8,	"_comment": "ItemUseable = Useable_Contained"},
		{"key":   8,	"value":          5,	"_comment": "Mass"},
		{"key":  19,	"value":          0,	"_comment": "Value"}
	],
	"boolStats":[
		{"key":   1,	"value":          0,	"_comment": "Stuck"},
		{"key":  22,	"value":          0,	"_comment": "Inscribable"},
		{"key":  23,	"value":          1,	"_comment": "DestroyOnSell"}
	],
	"floatStats":[
		{"key":  54,	"value": 1.00000000,	"_comment": "UseRadius"}
	],
	"didStats":[
		{"key":   1,	"value":   33554773,	"_comment": "Setup"},
		{"key":   3,	"value":  536870932,	"_comment": "SoundTable"},
		{"key":   8,	"value":  100668176,	"_comment": "Icon"},
		{"key":  22,	"value":  872415275,	"_comment": "PhysicsEffectTable"}
	],
	"pageDataList": {
		"maxNumPages":           1,
		"maxNumCharsPerPage": 1000,
		"pages": [
			{
				"authorID":        4294967295,
				"authorName": "Slithe Tradittor",
				"authorAccount": "prewritten",
				"ignoreAuthor":             0,
				"pageText": "\nIt was in the desert that I saw it. Due North of the Midsong Festival Stone. Due south of the Recovered Temple Dungeon. Southwest of Al-Jalima.  I had climbed a steep escarpment and walked along the edge of the cliff.  I saw the glow of a portal and as I drew near I saw the hanging bridge suspended out into nothingness. I do not know where in Dereth the portal placed me. Go ever upward! The artifact is at the highest point. Remember to use the Imaging Crystal on the artifact.\n"
			}
		]
	}
}