{
	"wcid": 20229,	"_comment": "Rumor of an Artifact(rumorarcanepedestal)",
	"weenieType": 8,	"_comment2": "Book",
	"stringStats":[
		{"key":   1,	"value": "Rumor of an Artifact",	"_comment": "Name"},
		{"key":  15,	"value": "Rumor of an Empyrean Artifact",	"_comment": "ShortDesc"}
	],
	"intStats":[
		{"key":   9,	"value":          0,	"_comment": "ValidLocations = None_Loc"},
		{"key":   1,	"value":       8192,	"_comment": "ItemType = Type_Writable"},
		{"key":  93,	"value":       1044,	"_comment": "PhysicsState = Ethereal_PS, Ignore_Collisions_PS, Gravity_PS"},
		{"key":   5,	"value":         25,	"_comment": "EncumbranceVal"},
		{"key":  16,	"value":          8,	"_comment": "ItemUseable = Useable_Contained"},
		{"key":   8,	"value":          5,	"_comment": "Mass"},
		{"key":  19,	"value":         10,	"_comment": "Value"}
	],
	"boolStats":[
		{"key":  22,	"value":          0,	"_comment": "Inscribable"},
		{"key":  23,	"value":          1,	"_comment": "DestroyOnSell"}
	],
	"floatStats":[
		{"key":  54,	"value": 1.00000000,	"_comment": "UseRadius"}
	],
	"didStats":[
		{"key":   1,	"value":   33554773,	"_comment": "Setup"},
		{"key":   3,	"value":  536870932,	"_comment": "SoundTable"},
		{"key":   8,	"value":  100672829,	"_comment": "Icon"},
		{"key":  22,	"value":  872415275,	"_comment": "PhysicsEffectTable"}
	],
	"pageDataList": {
		"maxNumPages":           1,
		"maxNumCharsPerPage": 1000,
		"pages": [
			{
				"authorID":        4294967295,
				"authorName": "Aluvian Rumor",
				"authorAccount": "prewritten",
				"ignoreAuthor":             0,
				"pageText": "\nA friend of mine came across a man in a small cottage northwest of the West Lytelthorpe Outpost. He said his name is Slithe Tradittor and claims to be an Explorer for the Explorer Society. He expounded upon a tale of discovering an unusual locale which harbors a strange device. This device is apparently an artifact of Empyrean technology. This Explorer hungers to obtain this device and study it.\n\n"
			}
		]
	}
}