{
	"wcid": 20957,	"_comment": "Gaerlan's Field Reports(bookgaerlansreports)",
	"weenieType": 8,	"_comment2": "Book",
	"stringStats":[
		{"key":  16,	"value": "A set of letters that have been bound within a book.",	"_comment": "LongDesc"},
		{"key":   1,	"value": "Gaerlan's Field Reports",	"_comment": "Name"},
		{"key":  15,	"value": "A set of letters that have been bound within a book.",	"_comment": "ShortDesc"}
	],
	"intStats":[
		{"key":   9,	"value":          0,	"_comment": "ValidLocations = None_Loc"},
		{"key":   1,	"value":       8192,	"_comment": "ItemType = Type_Writable"},
		{"key":  93,	"value":       1044,	"_comment": "PhysicsState = Ethereal_PS, Ignore_Collisions_PS, Gravity_PS"},
		{"key":   5,	"value":        160,	"_comment": "EncumbranceVal"},
		{"key":  16,	"value":          8,	"_comment": "ItemUseable = Useable_Contained"},
		{"key":   8,	"value":        200,	"_comment": "Mass"},
		{"key":  19,	"value":          0,	"_comment": "Value"}
	],
	"boolStats":[
		{"key":  22,	"value":          0,	"_comment": "Inscribable"}
	],
	"floatStats":[
		{"key":  39,	"value": 1.22000000,	"_comment": "DefaultScale"}
	],
	"didStats":[
		{"key":   1,	"value":   33556929,	"_comment": "Setup"},
		{"key":   3,	"value":  536870932,	"_comment": "SoundTable"},
		{"key":   8,	"value":  100673196,	"_comment": "Icon"},
		{"key":  22,	"value":  872415275,	"_comment": "PhysicsEffectTable"}
	],
	"pageDataList": {
		"maxNumPages":           7,
		"maxNumCharsPerPage": 1000,
		"pages": [
			{
				"authorID":        4294967295,
				"authorName": "Gaerlan",
				"authorAccount": "prewritten",
				"ignoreAuthor":             0,
				"pageText": "Event: Third visit to the Olthoi Homeworld.\n\nResults:\n\nEmperor Kellin II,\n\nWe have returned from the Olthoi homeworld with three more specimens, as you had commanded. We have returned with one each of their flying, soldier and breeding varities. The last was the most difficult to obtain, as she was protected by the hive. She is severely injured, and though I think that once he knows of your\n"
			},
			{
				"authorID":        4294967295,
				"authorName": "Gaerlan",
				"authorAccount": "prewritten",
				"ignoreAuthor":             0,
				"pageText": "plans he will become more unmanageable, I think that we should consult Asheron on the feasibility of controlling her.\n\nShe is, as he surmised, resistant entirely to our mind control. It appears as though she is the collective mind for the whole. \n\nI am saddened to report that one phalanx was lost in the assault, but this is a minor amount considering the odds that we faced.\n\nThere was no sign of the predator insects that we witnessed on the second journey to their world. Though there was evidence \n"
			},
			{
				"authorID":        4294967295,
				"authorName": "Gaerlan",
				"authorAccount": "prewritten",
				"ignoreAuthor":             0,
				"pageText": "of another assault in the short time between our visits. \n\nIn all, Lord Emperor, it was best to not have Asheron in attendance. His injuries would have hampered us all. Though in truth, his descriptions of the location of the cavity and the breeder were accurate. \n\n"
			},
			{
				"authorID":        4294967295,
				"authorName": "Gaerlan",
				"authorAccount": "prewritten",
				"ignoreAuthor":             0,
				"pageText": "Event: Release from the place between worlds.\n\nResults: \n\nEmperor Kellin II,\n\nI have been released from stasis within the place between worlds. I have found that Asheron has been lax in his duty, choosing instead to coddle a race of vermin that think. His attention is misplaced upon assisting these things populate and claim our land as their own. I have implemented a contingency plan to rid the world of these \n"
			},
			{
				"authorID":        4294967295,
				"authorName": "Gaerlan",
				"authorAccount": "prewritten",
				"ignoreAuthor":             0,
				"pageText": "invaders by persuading one of their own to destroy them.\n\nThus far its efforts have failed and I have needed to further my own self so as to take on the role of executioner. The world appears to have fallen from the sway of the Olthoi, into the hands of the humans. They are softer and do not resist mind tampering. They do, however, have a strong force of will and can bend minor magic to their call. Some have become fair Heiromancer's but none show more promise than the one that I have employed as my pawn.\n"
			},
			{
				"authorID":        4294967295,
				"authorName": "Gaerlan",
				"authorAccount": "prewritten",
				"ignoreAuthor":             0,
				"pageText": "This report shall function as a living document hereon.\n\nI have found another, my Lord, who can call upon arts long forgotten. She has been eliminated, but with her passing I have needed to take further action to ensure Asheron's destruction for his tampering against the Throne.\n\nIt has become obvious that his devotion to these things drives him now. He has an unnatural fatuation with assisting them, the reasons as to why remain unclear. His treason will not go unpunished.\n"
			},
			{
				"authorID":        4294967295,
				"authorName": "Gaerlan",
				"authorAccount": "prewritten",
				"ignoreAuthor":             0,
				"pageText": "\n"
			}
		]
	}
}