{
	"wcid": 20961,	"_comment": "Josef's Wish List(notejosefretreat)",
	"weenieType": 8,	"_comment2": "Book",
	"stringStats":[
		{"key":  16,	"value": "A list of trophies that Josef thinks will please Martine.",	"_comment": "LongDesc"},
		{"key":   1,	"value": "Josef's Wish List",	"_comment": "Name"},
		{"key":  15,	"value": "A list of trophies that Josef thinks will please Martine.",	"_comment": "ShortDesc"}
	],
	"intStats":[
		{"key":   9,	"value":          0,	"_comment": "ValidLocations = None_Loc"},
		{"key":   1,	"value":       8192,	"_comment": "ItemType = Type_Writable"},
		{"key":  93,	"value":       1044,	"_comment": "PhysicsState = Ethereal_PS, Ignore_Collisions_PS, Gravity_PS"},
		{"key":   5,	"value":         50,	"_comment": "EncumbranceVal"},
		{"key":  16,	"value":          8,	"_comment": "ItemUseable = Useable_Contained"},
		{"key":   8,	"value":         20,	"_comment": "Mass"},
		{"key":  19,	"value":          0,	"_comment": "Value"}
	],
	"boolStats":[
		{"key":  22,	"value":          0,	"_comment": "Inscribable"}
	],
	"floatStats":[
		{"key":  39,	"value": 1.22000000,	"_comment": "DefaultScale"}
	],
	"didStats":[
		{"key":   1,	"value":   33554771,	"_comment": "Setup"},
		{"key":   3,	"value":  536870932,	"_comment": "SoundTable"},
		{"key":   8,	"value":  100668117,	"_comment": "Icon"},
		{"key":  22,	"value":  872415275,	"_comment": "PhysicsEffectTable"}
	],
	"pageDataList": {
		"maxNumPages":           1,
		"maxNumCharsPerPage": 1000,
		"pages": [
			{
				"authorID":        4294967295,
				"authorName": "Josef",
				"authorAccount": "prewritten",
				"ignoreAuthor":             0,
				"pageText": "Here is a list of things that I think Martine might like. You help me out, I help you. It's simple really.\n\nNeeds:\n\nVirindi Masks\nYellow Virindi Jewels\nQuiddity Ingots\nShackles of Obedience\nDirective Keys\nMaster Keys\nSingularity Keys\n"
			}
		]
	}
}