{
	"wcid": 20960,	"_comment": "Letter for Melanay(lettermelanayaritta)",
	"weenieType": 8,	"_comment2": "Book",
	"stringStats":[
		{"key":   1,	"value": "Letter for Melanay",	"_comment": "Name"}
	],
	"intStats":[
		{"key":   9,	"value":          0,	"_comment": "ValidLocations = None_Loc"},
		{"key":   1,	"value":       8192,	"_comment": "ItemType = Type_Writable"},
		{"key":  93,	"value":       1044,	"_comment": "PhysicsState = Ethereal_PS, Ignore_Collisions_PS, Gravity_PS"},
		{"key":   5,	"value":        160,	"_comment": "EncumbranceVal"},
		{"key":  16,	"value":          8,	"_comment": "ItemUseable = Useable_Contained"},
		{"key":   8,	"value":        200,	"_comment": "Mass"},
		{"key":  19,	"value":         90,	"_comment": "Value"}
	],
	"boolStats":[
		{"key":  22,	"value":          0,	"_comment": "Inscribable"}
	],
	"floatStats":[
		{"key":  39,	"value": 1.22000000,	"_comment": "DefaultScale"}
	],
	"didStats":[
		{"key":   1,	"value":   33554773,	"_comment": "Setup"},
		{"key":   3,	"value":  536870932,	"_comment": "SoundTable"},
		{"key":   8,	"value":  100668176,	"_comment": "Icon"},
		{"key":  22,	"value":  872415275,	"_comment": "PhysicsEffectTable"}
	],
	"pageDataList": {
		"maxNumPages":          11,
		"maxNumCharsPerPage": 1000,
		"pages": [
			{
				"authorID":        4294967295,
				"authorName": "Martine",
				"authorAccount": "prewritten",
				"ignoreAuthor":             0,
				"pageText": "Melanay,\n\nEvery night I'm convinced I will wake up next to you, that all of this has been a dream.  It's easier at night.  As I look up at the two moons overhead, how can this be anything but a dream?  The two moons are only the beginning of the strangeness.\n\nThe mornings...the mornings are cruel, Melanay.  How many blessed dawns did I share with you and Aritta?  It was our time, a time before the work of a day made me tired and quiet\n"
			},
			{
				"authorID":        4294967295,
				"authorName": "Martine",
				"authorAccount": "prewritten",
				"ignoreAuthor":             0,
				"pageText": "To see sunlight blanket your hair as you lay curled on your side; to lay my hand upon the curve of your hip and feel through your back to my breast each breath you took; to know that our child, a combination of you and me, greater than either of its origins, lay in the next room, a body of energy and joy, a beautiful beautiful...is there a moment more sublime?\n\nWhat have I done?\n\nThe sun rises in this strange land.  But in light, this place looks little different than our own.  \n"
			},
			{
				"authorID":        4294967295,
				"authorName": "Martine",
				"authorAccount": "prewritten",
				"ignoreAuthor":             0,
				"pageText": "The flora and fauna are all different, I have already started to take notes, there is this fascinating creature...no, I am sorry, Melanay.  I will not let myself be distracted.  In light of day, all hope is burned out of me that I am living a dream; a nightmare, true, but one from which one day I could have hoped to wake up.  \n\nBut the sun lets me know that all is real.  That you and Aritta are gone.\n\nAre you safe, my dearest?  Is Aritta?  This is what keeps me awake at night.  Almost, I could find a sad and bitter peace were I \n"
			},
			{
				"authorID":        4294967295,
				"authorName": "Martine",
				"authorAccount": "prewritten",
				"ignoreAuthor":             0,
				"pageText": "assured of your safety.  \n\nIn time, perhaps, you would remarry.  And in time, Aritta would grow up, find a man of her own.\n\nMake sure he is more faithful than me, Melanay.  Oh, make sure of it.\n\nI did not want to leave.  There was a...call.  It called to me, Melanay.  It sung.  Sweet, sweet words danced and played in my head as I slept.  I did not have a choice.  I did not...\n"
			},
			{
				"authorID":        4294967295,
				"authorName": "Martine",
				"authorAccount": "prewritten",
				"ignoreAuthor":             0,
				"pageText": "No.  I will not lie.  You may never see these words, but here, at least, I shall be true.  I did choose.  I just had no idea what that choice would reap.  I have asked, Melanay.  Asked and pleaded, screamed and begged.  I have asked the soil and the sky, the river and the flames.  \n\nNo one will tell me how to get back to you.\n\nWhen hope has failed, where tears, threats, and rage cannot penetrate, what then?  What course in life shall I pursue when I am dead in all ways that matter?\n"
			},
			{
				"authorID":        4294967295,
				"authorName": "Martine",
				"authorAccount": "prewritten",
				"ignoreAuthor":             0,
				"pageText": "Do you and Aritta think me dead, Melanay?  When I first arrived here, I regretted that you might think that, when I thought I was so very much alive.  Now I know it would be best.  A brief time of sharp pain.  And then you could move on.  You could heal.\n\nPerhaps I should die here.  It's hard to contemplate the end of life, the end of sight and sound and knowing, when there is still some chance that I could see you and Aritta again.  But perhaps this is a extraordinary kind of dream, one that requires a extraordinary method of waking from.\n"
			},
			{
				"authorID":        4294967295,
				"authorName": "Martine",
				"authorAccount": "prewritten",
				"ignoreAuthor":             0,
				"pageText": "I would put my dagger through my heart if I knew I would see both of you again because of it.\n\nBut there is a man, Melanay.  His name is Sir Mikael Alayne, an Aluvian Lord who keeps trying to convince me to join a new society.  A Society of Explorers.  They have a name for this world.  Dereth.  He has plans, many plans.  He wants to catalogue this world.  \"Through knowledge, young Martine, we shall make this world our own.\"\n"
			},
			{
				"authorID":        4294967295,
				"authorName": "Martine",
				"authorAccount": "prewritten",
				"ignoreAuthor":             0,
				"pageText": "He is a noble man, full of ability and generosity.  And he wants me to help.  He says he has a purpose for me. \n\nAm I betraying you yet again?  \n\nBut I have to believe.  I have to believe that there is a reason to survive.  I have to believe that there is a reason to not surrender to the darkness, to the fear.  I have to believe that a month from now, a year, ten years, at some point in time I will see you and our daughter again. \n"
			},
			{
				"authorID":        4294967295,
				"authorName": "Martine",
				"authorAccount": "prewritten",
				"ignoreAuthor":             0,
				"pageText": "Because of what I choose now.  Because I will not give up.  Perhaps Sir Alayne's pursuit of knowledge will one day enable me to return to Ispar.  It is possible, yes?  \n\nWhat does one do when hope fails?  Continue to hope.\n\nMelanay.  I remember how you used to scold me,  \"You say you love me, but you sit there in silence.  Talk to me, Candeth, tell me of your day.  That is love.\"  You said it with gentleness, and I tried to explain to you how difficult it was to relate the minute details of my day and my work.\n"
			},
			{
				"authorID":        4294967295,
				"authorName": "Martine",
				"authorAccount": "prewritten",
				"ignoreAuthor":             0,
				"pageText": "How little desire I had, except for a rare occasion, to communicate in such a fashion.  I spent all my day involved in ledgers and balances and disputes and money.  Why would I ever want to talk about it?\n\nYou said you understood.  And there were times that I tried.  Tried to relate, in as concise a manner as possible, what had gone on that day, tried to mimic the patterns I saw when you and your friends gathered in the kitchen and talked.\n"
			},
			{
				"authorID":        4294967295,
				"authorName": "Martine",
				"authorAccount": "prewritten",
				"ignoreAuthor":             0,
				"pageText": "I say all this now to apologize.  I was wrong.  And when I see you again, I will make it up to you.  There will be a shower of kisses and gentle touches.  And talk.  We will talk all about my adventures, and about Aritta, and whatever else you wish to talk about.  We will exchange words and looks with each other from sunrise til sunset, and forever after, if you so wish.\n\nForever and ever and ever.  Let me see you but one more time, and never shall I be foolish enough to leave again.\n\nCandeth \n"
			}
		]
	}
}