{
	"wcid": 21440,	"_comment": "Disciples of Stasis(tomegaerlanfrost)",
	"weenieType": 8,	"_comment2": "Book",
	"stringStats":[
		{"key":   1,	"value": "Disciples of Stasis",	"_comment": "Name"}
	],
	"intStats":[
		{"key":   9,	"value":          0,	"_comment": "ValidLocations = None_Loc"},
		{"key":   1,	"value":       8192,	"_comment": "ItemType = Type_Writable"},
		{"key":  93,	"value":       1044,	"_comment": "PhysicsState = Ethereal_PS, Ignore_Collisions_PS, Gravity_PS"},
		{"key":   5,	"value":        160,	"_comment": "EncumbranceVal"},
		{"key":  16,	"value":          8,	"_comment": "ItemUseable = Useable_Contained"},
		{"key":   8,	"value":        200,	"_comment": "Mass"},
		{"key":  19,	"value":         90,	"_comment": "Value"}
	],
	"boolStats":[
		{"key":  22,	"value":          0,	"_comment": "Inscribable"}
	],
	"floatStats":[
		{"key":  39,	"value": 1.22000000,	"_comment": "DefaultScale"}
	],
	"didStats":[
		{"key":   1,	"value":   33556929,	"_comment": "Setup"},
		{"key":   3,	"value":  536870932,	"_comment": "SoundTable"},
		{"key":   7,	"value":  268436457,	"_comment": "ClothingBase"},
		{"key":   8,	"value":  100673474,	"_comment": "Icon"},
		{"key":  22,	"value":  872415275,	"_comment": "PhysicsEffectTable"}
	],
	"pageDataList": {
		"maxNumPages":          18,
		"maxNumCharsPerPage": 1000,
		"pages": [
			{
				"authorID":        4294967295,
				"authorName": "Unknown",
				"authorAccount": "prewritten",
				"ignoreAuthor":             0,
				"pageText": "Disciples of Stasis\n\nWhen I first became aware that some of our order had left I was disturbed. We had struggled too long to be torn apart by infighting and this group, who thought themselves above the call of their leader, drove my ire to new expanses. Even now as we dig through the ashes of what was once their home I find myself driven to the point of madness. How dare they think that they were better than I?\n"
			},
			{
				"authorID":        4294967295,
				"authorName": "Unknown",
				"authorAccount": "prewritten",
				"ignoreAuthor":             0,
				"pageText": "Regardless of their transgressions, an effort must be made to preserve their actions, lest someone else follow their path and lead the whole world (Translator's Note: The sentence does not end here, but a fragment of the page has been torn free.) It is also for the sake of preserving some of the discoveries that were made as the Disciples strode ever closer to perfecting their art.\n\nWhat follows henceforth are their words. Learn them well.\n\n-G-\n"
			},
			{
				"authorID":        4294967295,
				"authorName": "Unknown",
				"authorAccount": "prewritten",
				"ignoreAuthor":             0,
				"pageText": "Brothers, our art is incomplete. As we gave ourselves over to the magic taught to us by our kin from the west we did not fully understand the implications of our action. Now we grow weaker as the bond between our mind and body grows weak. These are the truths that have been sheltered from us, hidden away by the Master.\n\nWe will die, though our bodies will continue to live, we will slowly lose what we are and decay into nothing more than bone. There is a way to extend our years, but the way to do so is unknown.\n"
			},
			{
				"authorID":        4294967295,
				"authorName": "Unknown",
				"authorAccount": "prewritten",
				"ignoreAuthor":             0,
				"pageText": "Our brother-kin from the west called to the voices that sang out in the great River of the World, and they were answered. We too must call to the voices that sing within the River, and ask them for assistance. \n\nThis doctrine shall be the means by which we work with the other Disciples of the Blood. With them we shall call in unison to the voice that unites all within the Blood of the World, and the Disciples of the Blood shall be spared the horror of loss. We shall exist for all time and our kin that still follow the Master will fall into shambles and ruin.\n"
			},
			{
				"authorID":        4294967295,
				"authorName": "Unknown",
				"authorAccount": "prewritten",
				"ignoreAuthor":             0,
				"pageText": "Doctrine of Stasis\n\nWe shall heed the call of Stasis alone.\nWe shall preserve the bodies of of brothers and sisters.\nWe shall heed the will of the frozen Blood.\nWe shall serve as the anchor of the Single Voice.\nWe shall strive to preserve our memories within the Stasis.\nWe shall draw upon the Blood to give form.\nWe shall defend that form from invaders.\nWe shall keep that form hidden.\nWe shall keep that form separate.\n"
			},
			{
				"authorID":        4294967295,
				"authorName": "Unknown",
				"authorAccount": "prewritten",
				"ignoreAuthor":             0,
				"pageText": "We shall give that form life.\nWe shall hide our arts within that form.\n\nFollow those rules well brethren. \n\nAt the dawn of this world, there was the Blood and our brother-kin heard it call to them. There was a single voice then and that voice taught them. They came to us in their need and passed their learning to us. Now it is the time for us to assist the Blood. We shall build it a body that we will defend.\n"
			},
			{
				"authorID":        4294967295,
				"authorName": "Unknown",
				"authorAccount": "prewritten",
				"ignoreAuthor":             0,
				"pageText": "Beneath the world, away from the eyes of the Master and his followers, away from the Cerulean Crested Armies, we shall build devices that will draw the Blood forth and give it the form of Stasis.  With our magic we shall conceal the form from the world until it is prepared. In the cisterns we build we shall draw from the Blood and create its children. They shall be tasked to its defense and we shall see that they are given the minds to do so.\n\n"
			},
			{
				"authorID":        4294967295,
				"authorName": "Unknown",
				"authorAccount": "prewritten",
				"ignoreAuthor":             0,
				"pageText": "Stray from this course and your mind shall be quickened away. The judgment shall be passed, and in the place of forgetting you shall be stripped of what you are and cast out as merely bone.\n\nArakae, Minister of Stasis\n\nChamber of Stasis\n\nReport 1\n\nWe have begun digging the tunnels that will serve as the conduit through which the Blood shall be gathered.\n"
			},
			{
				"authorID":        4294967295,
				"authorName": "Unknown",
				"authorAccount": "prewritten",
				"ignoreAuthor":             0,
				"pageText": "Above, we have built the temple as was instructed by Arakae. There we will begin our Rites and summon forth the form of Stasis, and create his children, the elements of frost.\n\nReport 2\n\nTragedy has struck in the form of betrayal. Brother Naerin was discovered to be a traitor. He was taken to the place of forgetting, and all of the Disciples of Stasis have cast their charge and chosen to strip him of his mind and empty his shell. \n"
			},
			{
				"authorID":        4294967295,
				"authorName": "Unknown",
				"authorAccount": "prewritten",
				"ignoreAuthor":             0,
				"pageText": "Then he shall be loosed from the prison to wander the world as a soulless being for the rest of eternity.\n\nReport 3\n\nSet-backs have caused us to fall behind our brethren in the creation of the cistern. We now face judgment by Arakae. We hope that he will understand our position and as our representative upon the council of the Disciples of Blood show pity. Already three of our brethren have been emptied of their thoughts. This has been the cause of much of our delay.\n"
			},
			{
				"authorID":        4294967295,
				"authorName": "Unknown",
				"authorAccount": "prewritten",
				"ignoreAuthor":             0,
				"pageText": "Report 4\n\nAs I personally enter this temple to see that the work that we must accomplish is completed I am struck with a sense of wonder. A wonder driven by the ineptitude of those that stood in this place before my arrival. Monthly reports are terse, uncharacteristic of those that I received while upon the council.\n\nIn examining the work completed so far I have reasoned that the work will be several months behind, if not years. \n"
			},
			{
				"authorID":        4294967295,
				"authorName": "Unknown",
				"authorAccount": "prewritten",
				"ignoreAuthor":             0,
				"pageText": "This bodes ill, as we have found several spies from the Master already within our ranks. It appears our exodus was not as shrouded as we believed.\n\nTime is now of the essence. Without the cistern fully prepared and complete we will be at a sever disadvantage should those loyal to the Master launch themselves against us in assault.\n\nTo that end I have sent word to the other Ministers to remove all important valuables from the Temples. \n"
			},
			{
				"authorID":        4294967295,
				"authorName": "Unknown",
				"authorAccount": "prewritten",
				"ignoreAuthor":             0,
				"pageText": "We will house them instead in the Library where they might still be defended well.\n\n(Translator Note: Several pages are missing here. When the writing begins again it has returned to the first voice. One note of importance: the pages have been removed but the evidence of that removal is nearly imperceptible. Further this book is written episodically but the pages are in order, as though the book itself was rearranged.)\n\n"
			},
			{
				"authorID":        4294967295,
				"authorName": "Unknown",
				"authorAccount": "prewritten",
				"ignoreAuthor":             0,
				"pageText": "There were more, but the details were not necessary. Arakae for all of his wiles fell eventually. My warriors were far too powerful for him. As we swept aside the Disciples leaving the Ministers to answer for their treason he wailed like a child. \n\nI wonder if he had known that I meant to take the gift of Undeath away from him, or if he thought I would tear place him in \"the place of forgetting.\" The research that he held was important, but his was a small mind easily stripped of details that should have been more closely guarded. \n"
			},
			{
				"authorID":        4294967295,
				"authorName": "Unknown",
				"authorAccount": "prewritten",
				"ignoreAuthor":             0,
				"pageText": "My beloved was quite cruel when she dispatched of him.\n\nOne last note and this book shall be placed into my library.\n"
			},
			{
				"authorID":        4294967295,
				"authorName": "Unknown",
				"authorAccount": "prewritten",
				"ignoreAuthor":             0,
				"pageText": "Heretic Journal\n\nTaej, a Disciple of Stasis swore to the end of his memories that what we were attempting was against the course of this world. He endeared to the Ministers that we had chosen a path that would damn this world to darkness if we brought our efforts to fruition. Taej was at first a devout follower of Stasis believing that we had indeed discovered a way to ensure that the longevity of our bodies could be matched by our minds. His turn away from the beliefs came as a blow to many. \n"
			},
			{
				"authorID":        4294967295,
				"authorName": "Unknown",
				"authorAccount": "prewritten",
				"ignoreAuthor":             0,
				"pageText": "At one point I must confess that I was intrigued by his claims. He said that he had discovered that the songs sung from the world were nothing more than emanations of the same foe that drew away one of us some years back. He also had reasoned that we had forgotten something else long ago.\nThose moments left quickly.\n\nOur course is set. We will raise Stasis, and then the four shall be joined as one, and we shall be its masters.\n\nArakae\n"
			},
			{
				"authorID":        4294967295,
				"authorName": "",
				"authorAccount": "prewritten",
				"ignoreAuthor":             0,
				"pageText": "\n"
			}
		]
	}
}