{
	"wcid": 22093,	"_comment": "An Old Chronicle(untranslatedsheafofpapers)",
	"weenieType": 8,	"_comment2": "Book",
	"stringStats":[
		{"key":  16,	"value": "An old and crumbling chronicle written in an unrecognizable language.",	"_comment": "LongDesc"},
		{"key":   1,	"value": "An Old Chronicle",	"_comment": "Name"},
		{"key":  15,	"value": "An old and crumbling chronicle written in an unrecognizable language.",	"_comment": "ShortDesc"}
	],
	"intStats":[
		{"key":   9,	"value":          0,	"_comment": "ValidLocations = None_Loc"},
		{"key":   1,	"value":       8192,	"_comment": "ItemType = Type_Writable"},
		{"key":  93,	"value":       1044,	"_comment": "PhysicsState = Ethereal_PS, Ignore_Collisions_PS, Gravity_PS"},
		{"key":   5,	"value":        100,	"_comment": "EncumbranceVal"},
		{"key":  16,	"value":         48,	"_comment": "ItemUseable = Useable_Viewed_Remote"},
		{"key":   8,	"value":        100,	"_comment": "Mass"},
		{"key":  19,	"value":         50,	"_comment": "Value"}
	],
	"boolStats":[
		{"key":  22,	"value":          0,	"_comment": "Inscribable"}
	],
	"floatStats":[
		{"key":  54,	"value": 1.00000000,	"_comment": "UseRadius"}
	],
	"didStats":[
		{"key":   1,	"value":   33554773,	"_comment": "Setup"},
		{"key":   3,	"value":  536870932,	"_comment": "SoundTable"},
		{"key":   8,	"value":  100668176,	"_comment": "Icon"},
		{"key":  22,	"value":  872415275,	"_comment": "PhysicsEffectTable"}
	],
	"pageDataList": {
		"maxNumPages":           1,
		"maxNumCharsPerPage": 1000,
		"pages": [
			{
				"authorID":        4294967295,
				"authorName": "Unknown",
				"authorAccount": "prewritten",
				"ignoreAuthor":             0,
				"pageText": "\n(You cannot understand what is written on these pages.)\n\n"
			}
		]
	}
}