{
	"wcid": 2219,	"_comment": "Directions to Web Maze(directionswebmaze)",
	"weenieType": 8,	"_comment2": "Book",
	"stringStats":[
		{"key":   1,	"value": "Directions to Web Maze",	"_comment": "Name"}
	],
	"intStats":[
		{"key":   9,	"value":          0,	"_comment": "ValidLocations = None_Loc"},
		{"key":   1,	"value":       8192,	"_comment": "ItemType = Type_Writable"},
		{"key":  93,	"value":       1044,	"_comment": "PhysicsState = Ethereal_PS, Ignore_Collisions_PS, Gravity_PS"},
		{"key":   5,	"value":         25,	"_comment": "EncumbranceVal"},
		{"key":  16,	"value":          8,	"_comment": "ItemUseable = Useable_Contained"},
		{"key":   8,	"value":          5,	"_comment": "Mass"},
		{"key":  19,	"value":         10,	"_comment": "Value"}
	],
	"boolStats":[
		{"key":  22,	"value":          0,	"_comment": "Inscribable"}
	],
	"floatStats":[
		{"key":  54,	"value": 1.00000000,	"_comment": "UseRadius"}
	],
	"didStats":[
		{"key":   1,	"value":   33554773,	"_comment": "Setup"},
		{"key":   3,	"value":  536870932,	"_comment": "SoundTable"},
		{"key":   8,	"value":  100668176,	"_comment": "Icon"},
		{"key":  22,	"value":  872415275,	"_comment": "PhysicsEffectTable"}
	],
	"pageDataList": {
		"maxNumPages":           1,
		"maxNumCharsPerPage": 1000,
		"pages": [
			{
				"authorID":        4294967295,
				"authorName": "Directions to Web Maze",
				"authorAccount": "prewritten",
				"ignoreAuthor":             0,
				"pageText": "\nLong ago, as you know, the Olthoi had overrun this whole island.  Even now you can find remnants of their nests, like the Web Maze dungeon, way to the East of here at the base of a hill.  Nowadays it no longer has Olthoi (only a tribe of drudges), but you might get a feeling for how the earliest human arrivals felt when they had come to this land and were enslaved in those dark corridors.  Oh, and beware - once you enter, you will not be able to come out whence you came!  Some, however, find this convenient.\n\n"
			}
		]
	}
}