{
	"wcid": 22253,	"_comment": "Ulgrim's Scroll(scrollulgrim)",
	"weenieType": 8,	"_comment2": "Book",
	"stringStats":[
		{"key":  16,	"value": "A partially digested sheet of paper, apparently the remains of a spell scroll.",	"_comment": "LongDesc"},
		{"key":   1,	"value": "Ulgrim's Scroll",	"_comment": "Name"}
	],
	"intStats":[
		{"key":  33,	"value":          1,	"_comment": "Bonded = Bonded_BondedStatus"},
		{"key":   9,	"value":          0,	"_comment": "ValidLocations = None_Loc"},
		{"key":   1,	"value":       8192,	"_comment": "ItemType = Type_Writable"},
		{"key":  93,	"value":       1044,	"_comment": "PhysicsState = Ethereal_PS, Ignore_Collisions_PS, Gravity_PS"},
		{"key":   5,	"value":        100,	"_comment": "EncumbranceVal"},
		{"key":  16,	"value":          8,	"_comment": "ItemUseable = Useable_Contained"},
		{"key":   8,	"value":         50,	"_comment": "Mass"},
		{"key":  19,	"value":          0,	"_comment": "Value"}
	],
	"boolStats":[
		{"key":  22,	"value":          1,	"_comment": "Inscribable"},
		{"key":  23,	"value":          1,	"_comment": "DestroyOnSell"}
	],
	"floatStats":[
		{"key":  39,	"value": 1.50000000,	"_comment": "DefaultScale"}
	],
	"didStats":[
		{"key":   1,	"value":   33554826,	"_comment": "Setup"},
		{"key":   8,	"value":  100673883,	"_comment": "Icon"},
		{"key":  22,	"value":  872415275,	"_comment": "PhysicsEffectTable"}
	],
	"pageDataList": {
		"maxNumPages":           1,
		"maxNumCharsPerPage": 1000,
		"pages": [
			{
				"authorID":        4294967295,
				"authorName": "- Ulgrim the Unpleasant",
				"authorAccount": "prewritten",
				"ignoreAuthor":             0,
				"pageText": "[ Between the teeth marks and sloppy hand writing this scroll is entirely unreadable, and it smells so foul that you are suddenly overwhelmed with the desire to wash your hands.  Why did you pick up this disgusting thing? ]\n"
			}
		]
	}
}