{
	"wcid": 22635,	"_comment": "I survived the Tusker Emporium(tuskeremporiumplaque)",
	"weenieType": 8,	"_comment2": "Book",
	"stringStats":[
		{"key":   1,	"value": "I survived the Tusker Emporium",	"_comment": "Name"},
		{"key":  15,	"value": "This item can be used on an item hook.",	"_comment": "ShortDesc"}
	],
	"intStats":[
		{"key":   9,	"value":          0,	"_comment": "ValidLocations = None_Loc"},
		{"key":   1,	"value":       8192,	"_comment": "ItemType = Type_Writable"},
		{"key":  93,	"value":       1052,	"_comment": "PhysicsState = Ethereal_PS, Report_Collisions_PS, Ignore_Collisions_PS, Gravity_PS"},
		{"key":   5,	"value":         60,	"_comment": "EncumbranceVal"},
		{"key":  16,	"value":         48,	"_comment": "ItemUseable = Useable_Viewed_Remote"},
		{"key":   8,	"value":         15,	"_comment": "Mass"},
		{"key":  19,	"value":       5000,	"_comment": "Value"},
		{"key": 150,	"value":        103,	"_comment": "HookPlacement"},
		{"key": 151,	"value":          2,	"_comment": "HookType = Wall_HookTypeEnum"},
		{"key":  33,	"value":          1,	"_comment": "Bonded = Bonded_BondedStatus"}
	],
	"boolStats":[
		{"key":  12,	"value":          1,	"_comment": "ReportCollisions"},
		{"key":  13,	"value":          1,	"_comment": "Ethereal"},
		{"key":  22,	"value":          0,	"_comment": "Inscribable"},
		{"key":  23,	"value":          1,	"_comment": "DestroyOnSell"}
	],
	"floatStats":[
		{"key":  39,	"value": 0.60000000,	"_comment": "DefaultScale"},
		{"key":  54,	"value": 3.00000000,	"_comment": "UseRadius"}
	],
	"didStats":[
		{"key":   1,	"value":   33558121,	"_comment": "Setup"},
		{"key":   8,	"value":  100673829,	"_comment": "Icon"}
	],
	"pageDataList": {
		"maxNumPages":           1,
		"maxNumCharsPerPage": 1000,
		"pages": [
			{
				"authorID":        4294967295,
				"authorName": "",
				"authorAccount": "prewritten",
				"ignoreAuthor":             0,
				"pageText": "I survived the Tusker Emporium of Deadly Doom!! (tm)\n"
			}
		]
	}
}