{
	"wcid": 22765,	"_comment": "The Empyrean Temples(rumorempyreantemples)",
	"weenieType": 8,	"_comment2": "Book",
	"stringStats":[
		{"key":   1,	"value": "The Empyrean Temples",	"_comment": "Name"}
	],
	"intStats":[
		{"key":   9,	"value":          0,	"_comment": "ValidLocations = None_Loc"},
		{"key":   1,	"value":       8192,	"_comment": "ItemType = Type_Writable"},
		{"key":  93,	"value":       1044,	"_comment": "PhysicsState = Ethereal_PS, Ignore_Collisions_PS, Gravity_PS"},
		{"key":   5,	"value":          5,	"_comment": "EncumbranceVal"},
		{"key":  16,	"value":          8,	"_comment": "ItemUseable = Useable_Contained"},
		{"key":   8,	"value":          5,	"_comment": "Mass"},
		{"key":  19,	"value":         10,	"_comment": "Value"}
	],
	"boolStats":[
		{"key":  22,	"value":          0,	"_comment": "Inscribable"}
	],
	"floatStats":[
		{"key":  54,	"value": 1.00000000,	"_comment": "UseRadius"}
	],
	"didStats":[
		{"key":   1,	"value":   33554773,	"_comment": "Setup"},
		{"key":   3,	"value":  536870932,	"_comment": "SoundTable"},
		{"key":   8,	"value":  100668176,	"_comment": "Icon"},
		{"key":  22,	"value":  872415275,	"_comment": "PhysicsEffectTable"}
	],
	"pageDataList": {
		"maxNumPages":           1,
		"maxNumCharsPerPage": 1000,
		"pages": [
			{
				"authorID":        4294967295,
				"authorName": "Unknown",
				"authorAccount": "prewritten",
				"ignoreAuthor":             0,
				"pageText": "There is an old legend about two Empyrean temples -- the Temple of Forgetfulness and the Temple of Enlightenment. It is said that the Temple of Forgetfulness can erase your past mistakes, and that the Temple of Enlightenment can resolve sins of omission. The Temples can't be reached directly, but if you meet the demands of the Temple Guardians, they will let you enter. The Guardians, it is said, live neither in the east nor the west, but far to the north and the south. The legend also says that they like certain ... herbs.\n"
			}
		]
	}
}