{
	"wcid": 22763,	"_comment": "The Temple of Enlightenment(booktempleenlightenment)",
	"weenieType": 8,	"_comment2": "Book",
	"stringStats":[
		{"key":  16,	"value": "A book originally written in Falatacot, but with an Roulean translation attached. ",	"_comment": "LongDesc"},
		{"key":   1,	"value": "The Temple of Enlightenment",	"_comment": "Name"}
	],
	"intStats":[
		{"key":   9,	"value":          0,	"_comment": "ValidLocations = None_Loc"},
		{"key":   1,	"value":       8192,	"_comment": "ItemType = Type_Writable"},
		{"key":  93,	"value":       1044,	"_comment": "PhysicsState = Ethereal_PS, Ignore_Collisions_PS, Gravity_PS"},
		{"key":   5,	"value":         10,	"_comment": "EncumbranceVal"},
		{"key":  16,	"value":          8,	"_comment": "ItemUseable = Useable_Contained"},
		{"key":   8,	"value":        230,	"_comment": "Mass"},
		{"key":  19,	"value":          0,	"_comment": "Value"}
	],
	"boolStats":[
		{"key":  22,	"value":          0,	"_comment": "Inscribable"}
	],
	"floatStats":[
		{"key":  39,	"value": 1.22000000,	"_comment": "DefaultScale"},
		{"key":  54,	"value": 0.30000000,	"_comment": "UseRadius"}
	],
	"didStats":[
		{"key":   1,	"value":   33554771,	"_comment": "Setup"},
		{"key":   3,	"value":  536870932,	"_comment": "SoundTable"},
		{"key":   8,	"value":  100668117,	"_comment": "Icon"},
		{"key":  22,	"value":  872415275,	"_comment": "PhysicsEffectTable"}
	],
	"pageDataList": {
		"maxNumPages":           2,
		"maxNumCharsPerPage": 1000,
		"pages": [
			{
				"authorID":        4294967295,
				"authorName": "Translated by Nuhmudira",
				"authorAccount": "prewritten",
				"ignoreAuthor":             0,
				"pageText": "\nWelcome to the Temple of Enlightenment,  one of the foremost relaxation facilities in the world. Enter, and join your spirit to the symphony of the world soul. Lounge in our beautifully decorated living grottos, bask in the healing ambience of our natural sauna caves, and have your every wish attended to by our well-groomed golems. \n\n\n(more)\n"
			},
			{
				"authorID":        4294967295,
				"authorName": "Translated by Nuhmudira",
				"authorAccount": "prewritten",
				"ignoreAuthor":             0,
				"pageText": "At the end of the day, visit the Inner Sanctum for a brief but moving ceremony of worship. After the ceremony, choose a magical Gem of Enlightenment from the vast array available. Use the Gem to focus your natural capacities and gain further enlightenment on your life journey. Then go out into the glorious night, refreshed and rejuvenated. \n\n(One Gem per visit, please, so choose carefully. Due to demand, visitors will only be scheduled once per two weeks.)\n"
			}
		]
	}
}