{
	"wcid": 23030,	"_comment": "Notes on the Silifi(booksilificrimsonstarshints)",
	"weenieType": 8,	"_comment2": "Book",
	"stringStats":[
		{"key":   1,	"value": "Notes on the Silifi",	"_comment": "Name"}
	],
	"intStats":[
		{"key":   9,	"value":          0,	"_comment": "ValidLocations = None_Loc"},
		{"key":   1,	"value":       8192,	"_comment": "ItemType = Type_Writable"},
		{"key":  93,	"value":       1044,	"_comment": "PhysicsState = Ethereal_PS, Ignore_Collisions_PS, Gravity_PS"},
		{"key":   5,	"value":         10,	"_comment": "EncumbranceVal"},
		{"key":  16,	"value":          8,	"_comment": "ItemUseable = Useable_Contained"},
		{"key":   8,	"value":          5,	"_comment": "Mass"},
		{"key":  19,	"value":         10,	"_comment": "Value"}
	],
	"boolStats":[
		{"key":  22,	"value":          0,	"_comment": "Inscribable"}
	],
	"didStats":[
		{"key":   1,	"value":   33554773,	"_comment": "Setup"},
		{"key":   3,	"value":  536870932,	"_comment": "SoundTable"},
		{"key":   8,	"value":  100668176,	"_comment": "Icon"},
		{"key":  22,	"value":  872415275,	"_comment": "PhysicsEffectTable"}
	],
	"pageDataList": {
		"maxNumPages":           3,
		"maxNumCharsPerPage": 1000,
		"pages": [
			{
				"authorID":        4294967295,
				"authorName": "Notes on the Silifi",
				"authorAccount": "prewritten",
				"ignoreAuthor":             0,
				"pageText": "\nFirst, you'll need to attach a blade. An armoredillo spine would work. Those from smaller 'dillos, like the Sandy or Bronze, would be swift but do little damage. Bigger spines, like those from Shore or Freshwater Armoredillos, would do more damage but be slower on the swing. For some reason, Sandy and Freshwater seem to make more offensive weapons, while Bronze and Shore lend themselves to defense. The largest spines -- from Island, Hoary, and Plate Armoredillos -- would make excellent blades but require the wielder to have a good familiarity with axes.\n"
			},
			{
				"authorID":        4294967295,
				"authorName": "Notes on the Silifi",
				"authorAccount": "prewritten",
				"ignoreAuthor":             0,
				"pageText": "\nOnce you have a blade, you can think about attaching the Crimson Rubies. Unfortunately, the damage done to the Silifi means that you can only attach 3 of the 5 Rubies, so choose carefully. \n\n\nBelow is a list of the Rubies and the last place that they were seen by adventurers.\n"
			},
			{
				"authorID":        4294967295,
				"authorName": "Notes on the Silifi",
				"authorAccount": "prewritten",
				"ignoreAuthor":             0,
				"pageText": "\nThe Ruby Al-Shajar: \n    Skeleton Tomb (18.4S, 21.3E)\n    \nThe Ruby Al-Khur: \n    Skeleton Cave (24.8S, 19.7E)\n    \nThe Ruby Mahwan: \n    Grievous Vault (25.8S, 27.3E)\n    \nThe Ruby Yujazik: \n    Skeleton Tent (18.4S, 12.6E)\n    \nThe Ruby Sulmada: \n    Amiantos Bethel (16.3S, 35.1E)\n"
			}
		]
	}
}