{
	"wcid": 23031,	"_comment": "The Silifi of Crimson Stars(rumorsilificrimsonstars)",
	"weenieType": 8,	"_comment2": "Book",
	"stringStats":[
		{"key":   1,	"value": "The Silifi of Crimson Stars",	"_comment": "Name"}
	],
	"intStats":[
		{"key":   9,	"value":          0,	"_comment": "ValidLocations = None_Loc"},
		{"key":   1,	"value":       8192,	"_comment": "ItemType = Type_Writable"},
		{"key":  93,	"value":       1044,	"_comment": "PhysicsState = Ethereal_PS, Ignore_Collisions_PS, Gravity_PS"},
		{"key":   5,	"value":         10,	"_comment": "EncumbranceVal"},
		{"key":  16,	"value":          8,	"_comment": "ItemUseable = Useable_Contained"},
		{"key":   8,	"value":          5,	"_comment": "Mass"},
		{"key":  19,	"value":         10,	"_comment": "Value"}
	],
	"boolStats":[
		{"key":  22,	"value":          0,	"_comment": "Inscribable"}
	],
	"didStats":[
		{"key":   1,	"value":   33554773,	"_comment": "Setup"},
		{"key":   3,	"value":  536870932,	"_comment": "SoundTable"},
		{"key":   8,	"value":  100668176,	"_comment": "Icon"},
		{"key":  22,	"value":  872415275,	"_comment": "PhysicsEffectTable"}
	],
	"pageDataList": {
		"maxNumPages":           1,
		"maxNumCharsPerPage": 1000,
		"pages": [
			{
				"authorID":        4294967295,
				"authorName": "The Silifi of Crimson Stars",
				"authorAccount": "prewritten",
				"ignoreAuthor":             0,
				"pageText": "\nNorth-northeast of Uziz, around 10.2S, 31.3E, is an ancient crypt inhabited by the tormented soul Leikotha. It is rumored that Leikotha has knowledge of the fabled Silifi of the Crimson Stars. Kayna bint Iswas, a historian who lives in the desert (around 1.7S, 36.6E) has written a long volume about the Silifi, and is always looking for more information on the fate of this illustrious weapon.\n"
			}
		]
	}
}