{
	"wcid": 23044,	"_comment": "On the Abilities of Salvaged Ivory(booktinkeringivory)",
	"weenieType": 8,	"_comment2": "Book",
	"stringStats":[
		{"key":   1,	"value": "On the Abilities of Salvaged Ivory",	"_comment": "Name"}
	],
	"intStats":[
		{"key":   9,	"value":          0,	"_comment": "ValidLocations = None_Loc"},
		{"key":   1,	"value":       8192,	"_comment": "ItemType = Type_Writable"},
		{"key":  93,	"value":       1044,	"_comment": "PhysicsState = Ethereal_PS, Ignore_Collisions_PS, Gravity_PS"},
		{"key":   5,	"value":        160,	"_comment": "EncumbranceVal"},
		{"key":  16,	"value":          8,	"_comment": "ItemUseable = Useable_Contained"},
		{"key":   8,	"value":        200,	"_comment": "Mass"},
		{"key":  19,	"value":         90,	"_comment": "Value"}
	],
	"boolStats":[
		{"key":  22,	"value":          0,	"_comment": "Inscribable"}
	],
	"floatStats":[
		{"key":  39,	"value": 1.22000000,	"_comment": "DefaultScale"}
	],
	"didStats":[
		{"key":   1,	"value":   33554771,	"_comment": "Setup"},
		{"key":   3,	"value":  536870932,	"_comment": "SoundTable"},
		{"key":   8,	"value":  100668117,	"_comment": "Icon"},
		{"key":  22,	"value":  872415275,	"_comment": "PhysicsEffectTable"}
	],
	"pageDataList": {
		"maxNumPages":           2,
		"maxNumCharsPerPage": 1000,
		"pages": [
			{
				"authorID":        4294967295,
				"authorName": "Ciandra",
				"authorAccount": "prewritten",
				"ignoreAuthor":             0,
				"pageText": "\nSome items in our world are especially attuned to the very first person who possesses them. Ivory, we have discovered, has the power to break this attunement -- or rather, to transform it into a much more complex relationship. While a simple attuned object cannot leave your person in most cases, a -- how shall we say? -- ivoried object can be stored, or given away, or otherwise removed from you. However, the item which has been so treated can no longer be used for its intended purpose by anyone other than the original possessor.\n"
			},
			{
				"authorID":        4294967295,
				"authorName": "Ciandra",
				"authorAccount": "prewritten",
				"ignoreAuthor":             0,
				"pageText": "\nWe continue to research this phenomenon, but I include here several pertintent facts that we have discovered. \n\nFirstly, attuned items will only accept ivory from the hands of their possessor, but (luckily) a person of any skill level -- or no skill level -- can apply the salvaged material. \n\nSecondly, the object must be complete before it will accept the ivory. What 'complete' means varies with the items under consideration, but in general there must be no additional crafting that can possibly be done to the item.\n"
			}
		]
	}
}