{
	"wcid": 23112,	"_comment": "Failure(writingaerbaxmartine)",
	"weenieType": 8,	"_comment2": "Book",
	"stringStats":[
		{"key":   1,	"value": "Failure",	"_comment": "Name"}
	],
	"intStats":[
		{"key":   9,	"value":          0,	"_comment": "ValidLocations = None_Loc"},
		{"key":   1,	"value":       8192,	"_comment": "ItemType = Type_Writable"},
		{"key":  93,	"value":       1044,	"_comment": "PhysicsState = Ethereal_PS, Ignore_Collisions_PS, Gravity_PS"},
		{"key":   5,	"value":        160,	"_comment": "EncumbranceVal"},
		{"key":  16,	"value":          8,	"_comment": "ItemUseable = Useable_Contained"},
		{"key":   8,	"value":        200,	"_comment": "Mass"},
		{"key":  19,	"value":         90,	"_comment": "Value"}
	],
	"boolStats":[
		{"key":  22,	"value":          0,	"_comment": "Inscribable"}
	],
	"floatStats":[
		{"key":  39,	"value": 1.22000000,	"_comment": "DefaultScale"}
	],
	"didStats":[
		{"key":   1,	"value":   33554771,	"_comment": "Setup"},
		{"key":   3,	"value":  536870932,	"_comment": "SoundTable"},
		{"key":   8,	"value":  100668117,	"_comment": "Icon"},
		{"key":  22,	"value":  872415275,	"_comment": "PhysicsEffectTable"}
	],
	"pageDataList": {
		"maxNumPages":           5,
		"maxNumCharsPerPage": 1000,
		"pages": [
			{
				"authorID":        4294967295,
				"authorName": "Aerbax",
				"authorAccount": "prewritten",
				"ignoreAuthor":             0,
				"pageText": "Time has continued its incessant clamor toward the future while my attentions have been with my latest meat creations and has allowed for our greatest achievement to combust. I have often witnessed my creations spend time stripping away detritus in an effort to expunge the alterations made to their material but never in such a magnanimous fashion.\n\nBetrayed, ostracized and disparaged, forced to live in hovels excavated from the decayed fossils of epidermal fauna he dwelled with a collective he commanded as\n"
			},
			{
				"authorID":        4294967295,
				"authorName": "Aerbax",
				"authorAccount": "prewritten",
				"ignoreAuthor":             0,
				"pageText": "his own. He flourished and rose to an elite prominence that cast the achievements of any of our previous enhancements into a deep shadow, only to crumble because too much of his \"soul\" remained to cloud his awareness and enlightenment with feelings other than self-awareness. So near perfection yet still so repressed.\n\nMy ability to communicate with the entity that was once \"Martine\" has ended, correction, ceased.\n\nWhile this poses a new hypothesis of\n"
			},
			{
				"authorID":        4294967295,
				"authorName": "Aerbax",
				"authorAccount": "prewritten",
				"ignoreAuthor":             0,
				"pageText": "our ministrations and augmentations toward perfect thought within lesser \"material\" forms, it should serve as a warning as well.\n\nThe destructive force that was held within that one entity bordered nearly to the energy source which resides at the center of this physical world. Without proper containment and instruction the energy released upon his moment of ceasing could have laid waste to the abundant resources that can be found here. Care must be taken to not alter the more headstrong and gifted of the meatlings.\n"
			},
			{
				"authorID":        4294967295,
				"authorName": "Aerbax",
				"authorAccount": "prewritten",
				"ignoreAuthor":             0,
				"pageText": "They have proven to be more than capable of rejecting our education  while retaining the beneficial aspects of our enrichment. This resulted in madness and contributed to delusions which became \"real\" to the subject.\n\nThe cell \"Martine\" created for itself will prove a ripe area for research in the future. Plans are underway to supplant authority and assert our will over the lesser meatlings. Through this I hope to reverse this catastrophic failure by managing the outcasts and renegades left by their ceased manster.\n"
			},
			{
				"authorID":        4294967295,
				"authorName": "Aerbax",
				"authorAccount": "prewritten",
				"ignoreAuthor":             0,
				"pageText": "\n"
			}
		]
	}
}