{
	"wcid": 23124,	"_comment": "Research Notes: \"Children of Darkness\"(writingaerbaxshadow)",
	"weenieType": 8,	"_comment2": "Book",
	"stringStats":[
		{"key":   1,	"value": "Research Notes: \"Children of Darkness\"",	"_comment": "Name"}
	],
	"intStats":[
		{"key":   9,	"value":          0,	"_comment": "ValidLocations = None_Loc"},
		{"key":   1,	"value":       8192,	"_comment": "ItemType = Type_Writable"},
		{"key":  93,	"value":       1044,	"_comment": "PhysicsState = Ethereal_PS, Ignore_Collisions_PS, Gravity_PS"},
		{"key":   5,	"value":        160,	"_comment": "EncumbranceVal"},
		{"key":  16,	"value":          8,	"_comment": "ItemUseable = Useable_Contained"},
		{"key":   8,	"value":        200,	"_comment": "Mass"},
		{"key":  19,	"value":         90,	"_comment": "Value"}
	],
	"boolStats":[
		{"key":  22,	"value":          0,	"_comment": "Inscribable"}
	],
	"floatStats":[
		{"key":  39,	"value": 1.22000000,	"_comment": "DefaultScale"}
	],
	"didStats":[
		{"key":   1,	"value":   33554771,	"_comment": "Setup"},
		{"key":   3,	"value":  536870932,	"_comment": "SoundTable"},
		{"key":   8,	"value":  100668117,	"_comment": "Icon"},
		{"key":  22,	"value":  872415275,	"_comment": "PhysicsEffectTable"}
	],
	"pageDataList": {
		"maxNumPages":           1,
		"maxNumCharsPerPage": 1000,
		"pages": [
			{
				"authorID":        4294967295,
				"authorName": "Aerbax",
				"authorAccount": "prewritten",
				"ignoreAuthor":             0,
				"pageText": "\"Children of Darkness\" who were captured as we claimed this Asylum have been sequestered for testing. I had originally thought to expose these beings to the energy source but thought differently of the situation.\n\nInstead they were infused with portions of Quiddity energy. The result has been one of chaos and order. They have developed a sort of madness but a fierce loyalty to myself and to the enhanced puppets that I have set them to assist. Further information will be provided once further allocation toward study has been allowed.\n"
			}
		]
	}
}