{
	"wcid": 23120,	"_comment": "Research Notes: Mosswart(writingaerbaxmosswart)",
	"weenieType": 8,	"_comment2": "Book",
	"stringStats":[
		{"key":   1,	"value": "Research Notes: Mosswart",	"_comment": "Name"}
	],
	"intStats":[
		{"key":   9,	"value":          0,	"_comment": "ValidLocations = None_Loc"},
		{"key":   1,	"value":       8192,	"_comment": "ItemType = Type_Writable"},
		{"key":  93,	"value":       1044,	"_comment": "PhysicsState = Ethereal_PS, Ignore_Collisions_PS, Gravity_PS"},
		{"key":   5,	"value":        160,	"_comment": "EncumbranceVal"},
		{"key":  16,	"value":          8,	"_comment": "ItemUseable = Useable_Contained"},
		{"key":   8,	"value":        200,	"_comment": "Mass"},
		{"key":  19,	"value":         90,	"_comment": "Value"}
	],
	"boolStats":[
		{"key":  22,	"value":          0,	"_comment": "Inscribable"}
	],
	"floatStats":[
		{"key":  39,	"value": 1.22000000,	"_comment": "DefaultScale"}
	],
	"didStats":[
		{"key":   1,	"value":   33554771,	"_comment": "Setup"},
		{"key":   3,	"value":  536870932,	"_comment": "SoundTable"},
		{"key":   8,	"value":  100668117,	"_comment": "Icon"},
		{"key":  22,	"value":  872415275,	"_comment": "PhysicsEffectTable"}
	],
	"pageDataList": {
		"maxNumPages":           8,
		"maxNumCharsPerPage": 1000,
		"pages": [
			{
				"authorID":        4294967295,
				"authorName": "Aerbax",
				"authorAccount": "prewritten",
				"ignoreAuthor":             0,
				"pageText": "After my first interaction with the \"energy source\" I set about collecting new subjects. The intended goal was to witness and classify the effects of the source upon the material make-up of other beings. I had witnessed infusions of energies so great as to reinforce the strength of Puppets to near equivalence to the Quiddity's own agents the Inquisitors, but these interactions were restricted to being capable of dealing with pure energy.\n\nMy first test was with a controlled group of  \"croakers\", the same that parlayed with us\n"
			},
			{
				"authorID":        4294967295,
				"authorName": "Aerbax",
				"authorAccount": "prewritten",
				"ignoreAuthor":             0,
				"pageText": "for the capture of the \"Martine\" entity.\n\nCollection was swift and a fair cross-section was obtained. Groups were arranged as one mana manipulator, one without such ability and one who was a potent mix of both. Three such groups were created.\n\nGroup #1: This group was contained within a cell structure in the Asylum where they were kept away from the other two groups, no enhancement or work was performed upon them.\n"
			},
			{
				"authorID":        4294967295,
				"authorName": "Aerbax",
				"authorAccount": "prewritten",
				"ignoreAuthor":             0,
				"pageText": "Group #2: This group was brought to the Athenaeum and worked upon by myself and enhanced Puppets as Master's provided assistance to their once pawns.\n\nGroup #3: The final group was taken to the shallow where the \"energy source\" is most abundantly available and exposed over long periods of time.\n\nFindings: \n\nGroup #1 remained wholly unchanged, though the time they were kept apart from their collective altered their behavior to  \n"
			},
			{
				"authorID":        4294967295,
				"authorName": "Aerbax",
				"authorAccount": "prewritten",
				"ignoreAuthor":             0,
				"pageText": "become more erratic and frenzied. Ultimately they suffered from a slight madness, and nothing more.\n\nGroup #2 showed a fair capacity to survive through our more extreme proddings but the enhancements were not compatible with their meat forms and the three subjects ceased within a moon cycle of implantation.\n\nGroup #3 suffered greatly while within the presence of the energy source. \n\n"
			},
			{
				"authorID":        4294967295,
				"authorName": "Aerbax",
				"authorAccount": "prewritten",
				"ignoreAuthor":             0,
				"pageText": "The \"croaker\" with a capability with both  mana energy and material capacity was twisted horribly. Internal structure snapped twisted, protruded through discoloring skin. Its tough meat bubbled, redoubled and grew into immense structures that swelled and threatened to burst beneath the discoloring flesh bag that surrounded its innards.\n\nThe \"croaker\" with no ability to manipulate mana energies suffered less. The area about its head flattened, became restricted and elongated. As did its arm and leg structures, snapping noises came from within its body\n"
			},
			{
				"authorID":        4294967295,
				"authorName": "Aerbax",
				"authorAccount": "prewritten",
				"ignoreAuthor":             0,
				"pageText": "as the meat within realigned to the new structure of its form. A slight discoloration appeared in the hew of its flesh and rows of thin sharp teeth appeared along the place were it ingested. \n\nThe pure mana manipulating \"croaker\" suffered the worst. Boils appeared on its felsh and it began to swell horribly along all the joining points of its interior structure. Its flesh stretched and contorted as bulbous masses began to appear beneath. Screams were muted by gurgles as its neck swelled and the only sound louder than the gurgle was the sound of internal structure\n"
			},
			{
				"authorID":        4294967295,
				"authorName": "Aerbax",
				"authorAccount": "prewritten",
				"ignoreAuthor":             0,
				"pageText": "expanding twisting breaking, rehealing and snapping again. The \"croaker\" grew in size towering over the others, snapping the bonds we had put in place and issuing commands to the other two. Flesh hung from its form in swaying masses. As the commands were issued the other began tearing at their bonds and the largest harnessed mana energy.\n\nWithout hesitation we destroyed the subjects. Necessity.\n\nConclusion: \"Croakers\" cannot survive the process without becoming detrimentally\n"
			},
			{
				"authorID":        4294967295,
				"authorName": "Aerbax",
				"authorAccount": "prewritten",
				"ignoreAuthor":             0,
				"pageText": "and irreversibly altered. Further experimentation is ceased.\n"
			}
		]
	}
}