{
	"wcid": 2327,	"_comment": "Trothyr's Rest Rumor(hinttrothyr)",
	"weenieType": 8,	"_comment2": "Book",
	"stringStats":[
		{"key":   1,	"value": "Trothyr's Rest Rumor",	"_comment": "Name"}
	],
	"intStats":[
		{"key":   9,	"value":          0,	"_comment": "ValidLocations = None_Loc"},
		{"key":   1,	"value":       8192,	"_comment": "ItemType = Type_Writable"},
		{"key":  93,	"value":       1044,	"_comment": "PhysicsState = Ethereal_PS, Ignore_Collisions_PS, Gravity_PS"},
		{"key":   5,	"value":         25,	"_comment": "EncumbranceVal"},
		{"key":  16,	"value":          8,	"_comment": "ItemUseable = Useable_Contained"},
		{"key":   8,	"value":          5,	"_comment": "Mass"},
		{"key":  19,	"value":         20,	"_comment": "Value"}
	],
	"boolStats":[
		{"key":  22,	"value":          0,	"_comment": "Inscribable"}
	],
	"floatStats":[
		{"key":  54,	"value": 1.00000000,	"_comment": "UseRadius"}
	],
	"didStats":[
		{"key":   1,	"value":   33554773,	"_comment": "Setup"},
		{"key":   3,	"value":  536870932,	"_comment": "SoundTable"},
		{"key":   8,	"value":  100668176,	"_comment": "Icon"},
		{"key":  22,	"value":  872415275,	"_comment": "PhysicsEffectTable"}
	],
	"pageDataList": {
		"maxNumPages":           3,
		"maxNumCharsPerPage": 1000,
		"pages": [
			{
				"authorID":        4294967295,
				"authorName": "Rumor about Trothyr's Rest",
				"authorAccount": "prewritten",
				"ignoreAuthor":             0,
				"pageText": "\nLong ago, I had a friend named Trothyr.  A mighty warrior was he; I heard once that he was among the first to join up with Elysa Strathelar's band.  But years ago he was slain, all alone, in a dungeon since known as Trothyr's Rest.  Why did he go alone?  I do not know, save that he whispered to me that he feared a diabolical device lay at the bottom of Trothyr's Rest.  \n\n(more)\n"
			},
			{
				"authorID":        4294967295,
				"authorName": "",
				"authorAccount": "prewritten",
				"ignoreAuthor":             0,
				"pageText": "He was full of fear and muttered something about the swelling ranks of evil, so he went in haste and secrecy.  That was Trothyr's way; hot-headed and overly proud was he, as well as quick to suspect evil and treachery without proof.\n\n\nI found him just inside the entrance.  He had been mortally wounded by a lord of the undead, he told me, and had crawled back to seek me.  With his dying breath, he said also that he had been to the dungeon's bottom, and had there been both relieved and angered.  \n\n(more)\n"
			},
			{
				"authorID":        4294967295,
				"authorName": "",
				"authorAccount": "prewritten",
				"ignoreAuthor":             0,
				"pageText": "There, he said, lay a sure sign of Asheron's forgiveness to what he called murderers.  Then he spoke no more, and I buried him myself under the open sky.\n"
			}
		]
	}
}