{
	"wcid": 23339,	"_comment": "Fishing Sign(fishingsignmid)",
	"weenieType": 8,	"_comment2": "Book",
	"stringStats":[
		{"key":   1,	"value": "Fishing Sign",	"_comment": "Name"}
	],
	"intStats":[
		{"key":   1,	"value":       8192,	"_comment": "ItemType = Type_Writable"},
		{"key":  93,	"value":       1040,	"_comment": "PhysicsState = Ignore_Collisions_PS, Gravity_PS"},
		{"key":   5,	"value":       9000,	"_comment": "EncumbranceVal"},
		{"key":  16,	"value":         48,	"_comment": "ItemUseable = Useable_Viewed_Remote"},
		{"key":   8,	"value":       1800,	"_comment": "Mass"},
		{"key":  19,	"value":        125,	"_comment": "Value"}
	],
	"boolStats":[
		{"key":   1,	"value":          1,	"_comment": "Stuck"},
		{"key":  13,	"value":          0,	"_comment": "Ethereal"},
		{"key":  22,	"value":          0,	"_comment": "Inscribable"}
	],
	"floatStats":[
		{"key":  54,	"value": 5.00000000,	"_comment": "UseRadius"}
	],
	"didStats":[
		{"key":   1,	"value":   33555088,	"_comment": "Setup"},
		{"key":   8,	"value":  100668115,	"_comment": "Icon"}
	],
	"pageDataList": {
		"maxNumPages":           1,
		"maxNumCharsPerPage": 1000,
		"pages": [
			{
				"authorID":        4294967295,
				"authorName":             " ",
				"authorAccount": "prewritten",
				"ignoreAuthor":             0,
				"pageText": "\nFishing License: C Note  (See TackleMaster)\n\nFishing Rewards:      (Caught)\nMinnow                          200\nGuppy                             100\nMolly                              100\nFish                                  200\nLarge Fish                       100\n\nAfter having caught the number of fish required turn in that fish type to receive your Title Token.\n"
			}
		]
	}
}