{
	"wcid": 23351,	"_comment": "Stone Plaque(signempyreanplaque)",
	"weenieType": 8,	"_comment2": "Book",
	"stringStats":[
		{"key":   1,	"value": "Stone Plaque",	"_comment": "Name"}
	],
	"intStats":[
		{"key":   1,	"value":       8192,	"_comment": "ItemType = Type_Writable"},
		{"key":  93,	"value":       1048,	"_comment": "PhysicsState = Report_Collisions_PS, Ignore_Collisions_PS, Gravity_PS"},
		{"key":   5,	"value":       9000,	"_comment": "EncumbranceVal"},
		{"key":  16,	"value":         48,	"_comment": "ItemUseable = Useable_Viewed_Remote"},
		{"key":   8,	"value":       2000,	"_comment": "Mass"},
		{"key":  19,	"value":        125,	"_comment": "Value"}
	],
	"boolStats":[
		{"key":   1,	"value":          1,	"_comment": "Stuck"},
		{"key":  12,	"value":          1,	"_comment": "ReportCollisions"},
		{"key":  13,	"value":          0,	"_comment": "Ethereal"},
		{"key":  22,	"value":          0,	"_comment": "Inscribable"}
	],
	"floatStats":[
		{"key":  39,	"value": 0.85000000,	"_comment": "DefaultScale"},
		{"key":  54,	"value": 5.00000000,	"_comment": "UseRadius"}
	],
	"didStats":[
		{"key":   1,	"value":   33558179,	"_comment": "Setup"},
		{"key":   8,	"value":  100667494,	"_comment": "Icon"}
	],
	"pageDataList": {
		"maxNumPages":           1,
		"maxNumCharsPerPage": 1000,
		"pages": [
			{
				"authorID":        4294967295,
				"authorName": "Saolor Lentain ",
				"authorAccount": "prewritten",
				"ignoreAuthor":             0,
				"pageText": "For you, Aia, this Tower,\nBuilt, for I could do naught else right for you,\nThis Tower to pierce the sky,\nAs you have done to my soul,\nIts spires as spears rending the clouds,\nThis Tower for you,\nWho will not feed the famine in my heart,\nYour uncaring glances as spears,\nTo stab my given heart.\n\n"
			}
		]
	}
}