{
	"wcid": 23354,	"_comment": "A Note from Tamian Wilmot(tamiannote2)",
	"weenieType": 8,	"_comment2": "Book",
	"stringStats":[
		{"key":  16,	"value": "A note left by Tamian Wilmot.",	"_comment": "LongDesc"},
		{"key":   1,	"value": "A Note from Tamian Wilmot",	"_comment": "Name"}
	],
	"intStats":[
		{"key":  33,	"value":          1,	"_comment": "Bonded = Bonded_BondedStatus"},
		{"key":   9,	"value":          0,	"_comment": "ValidLocations = None_Loc"},
		{"key":   1,	"value":       8192,	"_comment": "ItemType = Type_Writable"},
		{"key":  93,	"value":         20,	"_comment": "PhysicsState = Ethereal_PS, Ignore_Collisions_PS"},
		{"key":   5,	"value":         25,	"_comment": "EncumbranceVal"},
		{"key":  16,	"value":          8,	"_comment": "ItemUseable = Useable_Contained"},
		{"key":   8,	"value":          5,	"_comment": "Mass"},
		{"key":  19,	"value":          0,	"_comment": "Value"},
		{"key": 114,	"value":          1,	"_comment": "Attuned = Attuned_AttunedStatus"}
	],
	"boolStats":[
		{"key":  22,	"value":          0,	"_comment": "Inscribable"},
		{"key":  14,	"value":          0,	"_comment": "GravityStatus"},
		{"key":  23,	"value":          1,	"_comment": "DestroyOnSell"}
	],
	"floatStats":[
		{"key":  54,	"value": 1.00000000,	"_comment": "UseRadius"}
	],
	"didStats":[
		{"key":   1,	"value":   33558173,	"_comment": "Setup"},
		{"key":   3,	"value":  536870932,	"_comment": "SoundTable"},
		{"key":   8,	"value":  100674008,	"_comment": "Icon"},
		{"key":  22,	"value":  872415275,	"_comment": "PhysicsEffectTable"}
	],
	"pageDataList": {
		"maxNumPages":           1,
		"maxNumCharsPerPage": 1000,
		"pages": [
			{
				"authorID":        4294967295,
				"authorName": "Tamian Wilmot",
				"authorAccount": "prewritten",
				"ignoreAuthor":             0,
				"pageText": "\nI had discovered that the key to the door is held by Iron Golems nearby.  If I am successful in obtaining it I will enter the Archive. I will probably need to enlist the aid of a worthy Isparian, perhaps one who resides in one of the settlements I passed on my journey here. Yes Astara, one who is more worthy than me of the physical combat undoubtedly required to defeat one of those creatures.\n\nTamian\n"
			}
		]
	}
}