{
	"wcid": 23369,	"_comment": "Notes on Chorizite Distillation(notechorizitedistillation)",
	"weenieType": 8,	"_comment2": "Book",
	"stringStats":[
		{"key":  16,	"value": "A few sheets of paper, filled with Leandra's neat and concise handwriting. ",	"_comment": "LongDesc"},
		{"key":   1,	"value": "Notes on Chorizite Distillation",	"_comment": "Name"}
	],
	"intStats":[
		{"key":   9,	"value":          0,	"_comment": "ValidLocations = None_Loc"},
		{"key":   1,	"value":       8192,	"_comment": "ItemType = Type_Writable"},
		{"key":  93,	"value":       1044,	"_comment": "PhysicsState = Ethereal_PS, Ignore_Collisions_PS, Gravity_PS"},
		{"key":   5,	"value":         25,	"_comment": "EncumbranceVal"},
		{"key":  16,	"value":          8,	"_comment": "ItemUseable = Useable_Contained"},
		{"key":   8,	"value":          5,	"_comment": "Mass"},
		{"key":  19,	"value":          0,	"_comment": "Value"}
	],
	"boolStats":[
		{"key":  22,	"value":          0,	"_comment": "Inscribable"}
	],
	"floatStats":[
		{"key":  54,	"value": 1.00000000,	"_comment": "UseRadius"}
	],
	"didStats":[
		{"key":   1,	"value":   33554773,	"_comment": "Setup"},
		{"key":   3,	"value":  536870932,	"_comment": "SoundTable"},
		{"key":   8,	"value":  100668176,	"_comment": "Icon"},
		{"key":  22,	"value":  872415275,	"_comment": "PhysicsEffectTable"}
	],
	"pageDataList": {
		"maxNumPages":           5,
		"maxNumCharsPerPage": 1000,
		"pages": [
			{
				"authorID":        4294967295,
				"authorName": "Leandra",
				"authorAccount": "prewritten",
				"ignoreAuthor":             0,
				"pageText": "I have put quite a lot of time and effort into chorizite research.  I will attempt to simplify my many months of hard work into this short note, as I am sure you are just as interested in hearing about the final result as I am interested in revealing it to you.  I will try to be short with my words.\n\n"
			},
			{
				"authorID":        4294967295,
				"authorName": "Leandra",
				"authorAccount": "prewritten",
				"ignoreAuthor":             0,
				"pageText": "I have discovered a way to distill high quality chorizite into a powerful formula.  The result of this new found power is the transformation of chorizite from a magic-ignoring substance, to that of a magic-absorbing one!  But understand this well -- only one type of material, found only in one item on Dereth, has the ability to withstand the strange reaction to this potent form of chorizite.  Melee warriors of all disciplines should be most interested to know that this unique item is a long-forgotten crystalline shield known as an Aegis.\n"
			},
			{
				"authorID":        4294967295,
				"authorName": "Leandra",
				"authorAccount": "prewritten",
				"ignoreAuthor":             0,
				"pageText": "An apprentice of mine recovered the Aegis we have only a few days ago.  He had been exploring and happened upon an old armory, while running along the southern landbridge towards the Direlands.  The compound was in a state of decay, overrun with fiendish undead.  Fighting fiercely through the hallways and rooms, he found a large quantity of these Aegis in what appeared to be a storage area.  He recalled to Rithwic with his life, and one Aegis to show for his efforts.\n"
			},
			{
				"authorID":        4294967295,
				"authorName": "Leandra",
				"authorAccount": "prewritten",
				"ignoreAuthor":             0,
				"pageText": "I was surprised by the shield's composition -- a crystal I had never seen before.  It felt brittle, as though a single blow might shatter it to pieces.  Since it would not be useful as a protective device any longer, we had nothing to lose by testing the chorizite formula on it.\n\nAs fate would have it, the chorizite fused with the crystal in a way I would have never expected!  The Aegis seemed lighter, almost transparent in a way. It was as if the crystal did not physically exist anymore.  But it was still there, I could see and touch it, and it still retained some weight. \n"
			},
			{
				"authorID":        4294967295,
				"authorName": "Leandra",
				"authorAccount": "prewritten",
				"ignoreAuthor":             0,
				"pageText": "When my apprentice wielded the shield, an aura not unlike that of a hollow device sprung forth from the Aegis, surrounding him with a magical glow.\n\nOur initial results indicate that the aura generated by the Aegis is a protective one, and will partially absorb the energy from a magical bolt.  I use the word partially, because we have not yet been able to extensively test the properties of magic absorbtion.\n"
			}
		]
	}
}