{
	"wcid": 23384,	"_comment": "Mounted Fish(fishgiantgreenplaque)",
	"weenieType": 8,	"_comment2": "Book",
	"stringStats":[
		{"key":   1,	"value": "Mounted Fish",	"_comment": "Name"},
		{"key":  14,	"value": "This item can be used on wall hooks.",	"_comment": "Use"}
	],
	"intStats":[
		{"key":   9,	"value":          0,	"_comment": "ValidLocations = None_Loc"},
		{"key":   1,	"value":       8192,	"_comment": "ItemType = Type_Writable"},
		{"key":  93,	"value":       1044,	"_comment": "PhysicsState = Ethereal_PS, Ignore_Collisions_PS, Gravity_PS"},
		{"key":   5,	"value":        100,	"_comment": "EncumbranceVal"},
		{"key":  16,	"value":         48,	"_comment": "ItemUseable = Useable_Viewed_Remote"},
		{"key":   8,	"value":         50,	"_comment": "Mass"},
		{"key":  19,	"value":         15,	"_comment": "Value"},
		{"key": 150,	"value":        103,	"_comment": "HookPlacement"},
		{"key": 151,	"value":          2,	"_comment": "HookType = Wall_HookTypeEnum"}
	],
	"boolStats":[
		{"key":  13,	"value":          1,	"_comment": "Ethereal"},
		{"key":  22,	"value":          1,	"_comment": "Inscribable"},
		{"key":  23,	"value":          1,	"_comment": "DestroyOnSell"}
	],
	"didStats":[
		{"key":   1,	"value":   33554674,	"_comment": "Setup"},
		{"key":   3,	"value":  536870932,	"_comment": "SoundTable"},
		{"key":   8,	"value":  100667461,	"_comment": "Icon"},
		{"key":  22,	"value":  872415275,	"_comment": "PhysicsEffectTable"}
	],
	"pageDataList": {
		"maxNumPages":           1,
		"maxNumCharsPerPage": 1000,
		"pages": [
			{
				"authorID":        4294967295,
				"authorName": "",
				"authorAccount": "prewritten",
				"ignoreAuthor":             0,
				"pageText": "\n"
			}
		]
	}
}