{
	"wcid": 2620,	"_comment": "Advocate Fane(advocatefane)",
	"weenieType": 39,	"_comment2": "AdvocateFane",
	"stringStats":[
		{"key":   1,	"value": "Advocate Fane",	"_comment": "Name"},
		{"key":  18,	"value": "Congratulations. You completed the advocate quest.",	"_comment": "UseMessage"},
		{"key":  15,	"value": "By using this altar, you can become an advocate.",	"_comment": "ShortDesc"}
	],
	"intStats":[
		{"key":   1,	"value":        128,	"_comment": "ItemType = Type_Misc"},
		{"key":  19,	"value":          0,	"_comment": "Value"},
		{"key":   3,	"value":         83,	"_comment": "PaletteTemplate"},
		{"key":  93,	"value":       1040,	"_comment": "PhysicsState = Ignore_Collisions_PS, Gravity_PS"},
		{"key":   5,	"value":       4000,	"_comment": "EncumbranceVal"},
		{"key":  16,	"value":         32,	"_comment": "ItemUseable = Useable_Remote"},
		{"key":   8,	"value":       2500,	"_comment": "Mass"}
	],
	"boolStats":[
		{"key":   1,	"value":          1,	"_comment": "Stuck"},
		{"key":  13,	"value":          0,	"_comment": "Ethereal"}
	],
	"floatStats":[
		{"key":  54,	"value": 5.00000000,	"_comment": "UseRadius"}
	],
	"didStats":[
		{"key":  25,	"value":  268435537,	"_comment": "UseTargetSuccessAnimation"},
		{"key":   1,	"value":   33555638,	"_comment": "Setup"},
		{"key":  26,	"value":  268435538,	"_comment": "UseTargetFailureAnimation"},
		{"key":   2,	"value":  150995056,	"_comment": "MotionTable"},
		{"key":   3,	"value":  536870964,	"_comment": "SoundTable"},
		{"key":   6,	"value":   67111919,	"_comment": "PaletteBase"},
		{"key":  38,	"value":       3653,	"_comment": "UseCreateItem"},
		{"key":   7,	"value":  268435731,	"_comment": "ClothingBase"},
		{"key":   8,	"value":  100669873,	"_comment": "Icon"},
		{"key":  27,	"value":  318767229,	"_comment": "UseUserAnimation"}
	]
}