{
	"wcid": 1149,	"_comment": "Allegiance",
	"weenieType": 30,	"_comment2": "Allegiance",
	"stringStats":[
		{"key":   1,	"value": "Allegiance",	"_comment": "Name"}
	],
	"intStats":[
		{"key":  93,	"value":       1044,	"_comment": "PhysicsState = Ethereal_PS, Ignore_Collisions_PS, Gravity_PS"}
	],
	"boolStats":[
		{"key":   1,	"value":          1,	"_comment": "Stuck"},
		{"key":  18,	"value":          1,	"_comment": "Visibility"}
	],
	"didStats":[
		{"key":   1,	"value":   33555057,	"_comment": "Setup"},
		{"key":   8,	"value":  100667494,	"_comment": "Icon"}
	]
}